Date,Meal,Name,Calories,Carbs,Fat,Protein,Cholesterol,Sodium,Sugars,Fibre
01-Aug-16,Breakfast,"Born 3 - Omega 3 Eggs, 8 Egg 50g",640,0,48,56,1920,560,0,0
02-Aug-16,Breakfast,"Born 3 - Omega 3 Eggs, 6 Egg 50g",480,0,36,42,1440,420,0,0
02-Aug-16,Lunch,"Delhaize - Salted Rice Cakes, 200 g",770,158,7,15,0,0,0,6
02-Aug-16,Lunch,"Lindt - 85% Cocoa Chocolate, 5.5 square (10 gram)",321,10,25,7,0,0,6,0
02-Aug-16,Dinner,"Eggs - Fried (whole egg), 4 large",370,2,28,25,841,375,2,0
02-Aug-16,Dinner,"Lidl - Rumsteak, 420 g",483,4,10,92,0,0,0,0
02-Aug-16,Dinner,"Pietro Coricelli - Extra Virgin Olive Oil (Olio Extra Vergine Di Oliva), 10 ml",82,0,9,0,0,0,0,0
03-Aug-16,Breakfast,"Born 3 - Omega 3 Eggs, 6 Egg 50g",480,0,36,42,1440,420,0,0
03-Aug-16,Breakfast,"Generic - 1 Scrambled Egg White, 2 egg white",34,0,0,7,0,110,0,0
03-Aug-16,Breakfast,"Sweet Potato - Plain, 220.0 grams",189,44,0,4,0,121,9,7
03-Aug-16,Breakfast,"Pietro Coricelli - Extra Virgin Olive Oil (Olio Extra Vergine Di Oliva), 10 ml",82,0,9,0,0,0,0,0
05-Aug-16,Breakfast,"Bio - Banane, 100 g",92,21,0,1,0,1,0,2
09-Aug-16,Breakfast,"Bio - Banane, 100 g",92,21,0,1,0,1,0,2
12-Aug-16,Breakfast,"Bio - Banane, 100 g",92,21,0,1,0,1,0,2
12-Aug-16,Breakfast,"Born 3 - Omega 3 Eggs, 6 Egg 50g",480,0,36,42,1440,420,0,0
12-Aug-16,Breakfast,"Boni - Groentereepjes, 200 g",64,9,0,4,0,160,7,6
12-Aug-16,Breakfast,"Sweet Potato - Plain, 180 grams",155,36,0,3,0,99,8,5
12-Aug-16,Lunch,"Delhaize - Salted Rice Cakes, 140 g",539,111,5,11,0,0,0,4
12-Aug-16,Lunch,"Everyday - Kippenborstfilets, 200 g",208,0,2,46,0,32,0,0
12-Aug-16,Snacks,"Dole - Banana-medium 6-6 7/8&quot;, 1 banana",105,29,0,1,0,1,15,3
12-Aug-16,Snacks,"Pruim - Pruim, 1 stuks",24,6,0,0,0,0,0,0
12-Aug-16,Dinner,"Boni - Atlantische Zalmhaasjes, 500 g",1110,0,85,90,0,550,0,0
12-Aug-16,Dinner,"rijskoeken - colruyt, 200 gram",774,162,6,15,0,0,0,7
12-Aug-16,Dinner,"Pietro Coricelli - Extra Virgin Olive Oil (Olio Extra Vergine Di Oliva), 10 ml",82,0,9,0,0,0,0,0
13-Aug-16,Breakfast,"Born 3 - Omega 3 Eggs, 8 Egg 50g",640,0,48,56,1920,560,0,0
13-Aug-16,Breakfast,"Sweet Potato - Plain, 220.0 grams",189,44,0,4,0,121,9,7
13-Aug-16,Breakfast,"Wok - Groenten, 200 gr",74,14,0,4,0,0,8,4
13-Aug-16,Breakfast,"Pietro Coricelli - Extra Virgin Olive Oil (Olio Extra Vergine Di Oliva), 10 ml",82,0,9,0,0,0,0,0
13-Aug-16,Breakfast,"Vers - Perzik, 2 stuk",96,22,0,2,0,0,0,0
13-Aug-16,Lunch,"Lindt - 85% Cocoa Chocolate, 2 square (10 gram)",117,4,9,3,0,0,2,0
13-Aug-16,Dinner,"Pietro Coricelli - Extra Virgin Olive Oil (Olio Extra Vergine Di Oliva), 10 ml",82,0,9,0,0,0,0,0
13-Aug-16,Dinner,"Rice - With Rice, 125 g",450,94,3,9,0,0,0,0
13-Aug-16,Dinner,"Everyday - Kippenbil, 550 g",1007,0,66,99,0,0,0,0
13-Aug-16,Dinner,"Everyday - Kippenborstfilets, 200 g",208,0,2,46,0,32,0,0
13-Aug-16,Dinner,"Sweet Potato - Plain, 420 grams",361,88,0,8,0,151,25,13
14-Aug-16,Breakfast,"Vers - Perzik, 1 stuk",48,11,0,1,0,0,0,0
14-Aug-16,Breakfast,"Boni - Groentereepjes, 200 g",64,9,0,4,0,160,7,6
14-Aug-16,Breakfast,"Born 3 - Omega 3 Eggs, 6 Egg 50g",480,0,36,42,1440,420,0,0
14-Aug-16,Breakfast,"Pietro Coricelli - Extra Virgin Olive Oil (Olio Extra Vergine Di Oliva), 10 ml",82,0,9,0,0,0,0,0
14-Aug-16,Lunch,"Lindt - 85% Cocoa Chocolate, 4 square (10 gram)",234,8,18,5,0,0,4,0
14-Aug-16,Lunch,"Delhaize - Salted Rice Cakes, 200 g",770,158,7,15,0,0,0,6
14-Aug-16,Lunch,"Bio - Banane, 200 g",184,43,0,2,0,2,0,4
15-Aug-16,Breakfast,"Pietro Coricelli - Extra Virgin Olive Oil (Olio Extra Vergine Di Oliva), 10 ml",82,0,9,0,0,0,0,0
15-Aug-16,Breakfast,"Born 3 - Omega 3 Eggs, 8 Egg 50g",640,0,48,56,1920,560,0,0
15-Aug-16,Breakfast,"Boni - Groentereepjes, 200 g",64,9,0,4,0,160,7,6
15-Aug-16,Breakfast,"Dole - Banana-medium 6-6 7/8&quot;, 1 banana",105,29,0,1,0,1,15,3
15-Aug-16,Lunch,"Bio - Banane, 100 g",92,21,0,1,0,1,0,2
15-Aug-16,Lunch,"Vers - Perzik, 1 stuk",48,11,0,1,0,0,10,0
15-Aug-16,Lunch,"rijskoeken - colruyt, 200 gram",774,162,6,15,0,0,0,7
15-Aug-16,Dinner,"Everyday - Kippenbil, 550 g",1007,0,66,99,0,0,0,0
15-Aug-16,Dinner,"Rice - With Rice, 250 g",900,188,6,18,0,0,0,0
15-Aug-16,Dinner,"Spinazie - Everyday, 600 g",108,4,3,11,0,0,2,8
15-Aug-16,Dinner,"Pietro Coricelli - Extra Virgin Olive Oil (Olio Extra Vergine Di Oliva), 20 ml",164,0,18,0,0,0,0,0
18-Aug-16,Breakfast,"egg, 6 #",552,2,40,46,1152,522,4,0
18-Aug-16,Breakfast,"olive oil, 25 g",221,0,25,0,0,1,0,0
18-Aug-16,Breakfast,"sweet potato, 420 g",361,84,0,7,0,231,18,13
18-Aug-16,Breakfast,"vegetables 1, 200 g",118,22,1,3,0,0,13,7
18-Aug-16,Breakfast,"peach, 1 #",39,10,0,1,0,0,8,2
18-Aug-16,Lunch,"chocolate 85%, 10 g",62,2,5,1,0,0,1,1
18-Aug-16,Lunch,"peach, 1 #",39,10,0,1,0,0,8,2
20-Aug-16,Breakfast,"olive oil, 25 g",221,0,25,0,0,1,0,0
20-Aug-16,Breakfast,"vegetables 1, 200 g",118,22,1,3,0,0,13,7
20-Aug-16,Breakfast,"sweet potato, 250 g",215,50,0,4,0,138,11,8
20-Aug-16,Breakfast,"eggs, 8 #",736,3,54,62,1536,696,5,0
20-Aug-16,Breakfast,"Broccoli, 100 g",34,7,0,3,0,33,2,3
20-Aug-16,Lunch,"rice cracker, 200 g",770,158,7,15,0,400,1,6
20-Aug-16,Lunch,"chocolate 85%, 20 g",124,5,10,2,0,0,3,2
20-Aug-16,Lunch,"peach, 3 #",117,30,1,3,0,0,24,5
20-Aug-16,Dinner,"atlantic salmon, 500 g",1040,0,65,100,275,295,0,0
21-Aug-16,Breakfast,"eggs, 6 #",552,2,40,46,1152,522,4,0
21-Aug-16,Breakfast,"Grega - Superano Ham (zout), 100 gram",217,1,11,28,0,2000,1,0
21-Aug-16,Breakfast,"olive oil, 15 g",133,0,15,0,0,0,0,0
21-Aug-16,Lunch,"Algemeen - Wortels, 120 gr",49,13,0,1,0,83,0,3
21-Aug-16,Lunch,"Boni - Brocolis Surgelés, 200 g",52,4,0,6,0,0,4,6
21-Aug-16,Lunch,"Sweet Potato - Plain, 220.0 grams",189,44,0,4,0,121,9,7
21-Aug-16,Lunch,"None - Gepelde Biefstuk, 200 gr",218,0,3,48,0,0,0,0
21-Aug-16,Lunch,"Ah Excellent - Italiaanse Olijfolie - Extra Vierge, 15 ml",125,0,14,0,0,0,0,0
23-Aug-16,Breakfast,"Dole - Banana-medium 6-6 7/8&quot;, 6 banana",630,173,2,8,0,6,92,20
23-Aug-16,Breakfast,"olive oil, 15 g",133,0,15,0,0,0,0,0
23-Aug-16,Breakfast,"Cocos - Extra Virgin Oil, 40 gr",343,0,40,0,0,0,0,0
23-Aug-16,Breakfast,"eggs, 3 #",276,1,20,23,576,261,2,0
23-Aug-16,Breakfast,"Grega - Superano Ham (zout), 100 gram",217,1,11,28,0,2000,1,0
23-Aug-16,Lunch,"Fish - Salmon, Atlantic, wild, raw, 300 g",426,0,19,60,165,132,0,0
23-Aug-16,Dinner,"Rice - With Rice, 150 g",540,113,3,11,0,0,0,0
23-Aug-16,Dinner,"Algemeen - Wortels, 200 gr",82,21,0,2,0,138,0,6
23-Aug-16,Dinner,"Broccoli - Cooked, boiled, drained, with salt, 0.5 stalk, large (11&quot;-12&quot; long)",39,7,0,4,0,367,2,5
23-Aug-16,Dinner,"Pietro Coricelli - Extra Virgin Olive Oil (Olio Extra Vergine Di Oliva), 15 ml",123,0,14,0,0,0,0,0
23-Aug-16,Dinner,"Everyday - Kippenborstfilets, 175 g",182,0,2,40,0,28,0,0
24-Aug-16,Breakfast,"eggs, 4 #",368,2,27,31,768,348,2,0
24-Aug-16,Breakfast,"Grega - Superano Ham (zout), 100 gram",217,1,11,28,0,2000,1,0
24-Aug-16,Breakfast,"olive oil, 15 g",133,0,15,0,0,0,0,0
24-Aug-16,Breakfast,"Vers - Perzik, 1 stuk",48,11,0,1,0,0,0,0
24-Aug-16,Lunch,"Everyday - Kippenborstfilets, 225 g",234,0,3,52,0,36,0,0
24-Aug-16,Lunch,"Ah Excellent - Italiaanse Olijfolie - Extra Vierge, 10 ml",83,0,9,0,0,0,0,0
24-Aug-16,Snacks,"Nutrimuscle - Maltodextrine, 150 g",564,141,0,0,0,0,0,0
24-Aug-16,Snacks,"Ethiquable - Chocolat Noir Madagascar 85 % Bio, 20 g",124,5,10,2,0,0,3,2
24-Aug-16,Dinner,"Pietro Coricelli - Extra Virgin Olive Oil (Olio Extra Vergine Di Oliva), 20 ml",164,0,18,0,0,0,0,0
24-Aug-16,Dinner,"Steak - Gepelde Biefstuk, 340 gram",432,0,12,80,0,0,0,0
24-Aug-16,Dinner,"Sweet Potato - Plain, 380 grams",327,80,0,8,0,137,23,11
24-Aug-16,"Night meal","Bio - Banane, 100 g",92,21,0,1,0,1,0,2
24-Aug-16,"Night meal","Appel - *, 125 g",68,15,0,1,0,3,15,3
25-Aug-16,Breakfast,"eggs, 3 #",276,1,20,23,576,261,2,0
25-Aug-16,Breakfast,"Grega - Superano Ham (zout), 100 gram",217,1,11,28,0,2000,1,0
25-Aug-16,Breakfast,"olive oil, 10 g",88,0,10,0,0,0,0,0
25-Aug-16,Lunch,"Generic - Blue Berries 100 g, 600 g",274,67,0,5,0,5,48,10
25-Aug-16,Dinner,"Everyday - Kippenborstfilets, 715 g",744,0,9,165,0,114,0,0
25-Aug-16,Dinner,"Pietro Coricelli - Extra Virgin Olive Oil (Olio Extra Vergine Di Oliva), 15 ml",123,0,14,0,0,0,0,0
25-Aug-16,Dinner,"Sweet Potato - Plain, 700 grams",602,147,0,14,0,252,42,21
25-Aug-16,Dinner,"Oil - Vegetable, coconut, 25 g",216,0,25,0,0,0,0,0
26-Aug-16,Breakfast,"olive oil, 10 g",88,0,10,0,0,0,0,0
26-Aug-16,Breakfast,"eggs, 7 #",644,3,47,54,1344,609,4,0
26-Aug-16,Breakfast,"Wok - Groenten, 200 gr",74,14,0,4,0,0,8,4
26-Aug-16,Lunch,"peach, 3 #",117,30,1,3,0,0,24,5
26-Aug-16,Lunch,"Smoked - Salmon, 200 g",341,2,21,46,0,960,0,0
26-Aug-16,Snacks,"Bio-Time - Rijstwafel, 12 rijstwafel",360,73,4,7,0,120,1,4
26-Aug-16,"Workout meal","Body &amp; Fit - Maltodextrine Pure, 60 g",228,57,0,0,0,0,3,0
26-Aug-16,Dinner,"Rice - With Rice, 100 g",360,75,2,7,0,0,0,0
26-Aug-16,Dinner,"Steak - Gepelde Biefstuk, 400 gram",508,0,14,94,0,0,0,0
27-Aug-16,Breakfast,"eggs, 7 #",644,3,47,54,1344,609,4,0
27-Aug-16,Breakfast,"Appel - *, 125 g",68,15,0,1,0,3,15,3
27-Aug-16,Breakfast,"Grega - Superano Ham (zout), 100 gram",217,1,11,28,0,2000,1,0
27-Aug-16,Breakfast,"olive oil, 15 g",133,0,15,0,0,0,0,0
27-Aug-16,Breakfast,"Marabou Premium - Chocolate 86 %, 20 g",121,4,11,2,0,0,3,3
27-Aug-16,Lunch,"Everyday - Kippenborstfilets, 230.0 g",239,0,3,53,0,37,0,0
27-Aug-16,Lunch,"Sweet Potato - Plain, 275 grams",237,55,0,4,0,151,12,8
27-Aug-16,Lunch,"Ah Excellent - Italiaanse Olijfolie - Extra Vierge, 10 ml",83,0,9,0,0,0,0,0
27-Aug-16,Dinner,"Steak - Gepelde Biefstuk, 165 gram",210,0,6,39,0,0,0,0
27-Aug-16,Dinner,"boni - wokgroenten, 400 gr",236,43,1,6,0,0,26,14
27-Aug-16,Dinner,"Pietro Coricelli - Extra Virgin Olive Oil (Olio Extra Vergine Di Oliva), 15 ml",123,0,14,0,0,0,0,0
27-Aug-16,"Night meal","Delhaize - Salted Rice Cakes, 200 g",770,158,7,15,0,0,0,6
28-Aug-16,Breakfast,"Grega - Superano Ham (zout), 100 gram",217,1,11,28,0,2000,1,0
28-Aug-16,Breakfast,"eggs, 6 #",552,2,40,46,1152,522,4,0
28-Aug-16,Breakfast,"olive oil, 10 g",88,0,10,0,0,0,0,0
28-Aug-16,Breakfast,"Broccoli, 100 g",34,7,0,3,0,33,2,3
28-Aug-16,Breakfast,"Bio - Banane, 100 g",92,21,0,1,0,1,0,2
28-Aug-16,Lunch,"Albert Heijn - Kipfilet 500g, 500 gram",550,0,8,115,0,200,0,0
28-Aug-16,Lunch,"Rice - White Rice (Dry), 150 g",575,129,5,5,0,0,0,2
28-Aug-16,Lunch,"Ah Excellent - Italiaanse Olijfolie - Extra Vierge, 15 ml",125,0,14,0,0,0,0,0
28-Aug-16,Lunch,"boni - wokgroenten, 350 gr",207,38,1,5,0,0,22,12
28-Aug-16,Dinner,"Lindt - 85% Cocoa Chocolate, 2 square (10 gram)",117,4,9,3,0,0,2,0
28-Aug-16,Dinner,"Fruit - Banana Raw, 100 g",89,23,0,1,0,1,12,3
28-Aug-16,Dinner,"Appel - *, 100 gr",54,12,0,0,0,2,12,2
29-Aug-16,Breakfast,"eggs, 7 #",644,3,47,54,1344,609,4,0
29-Aug-16,Breakfast,"olive oil, 10 g",88,0,10,0,0,0,0,0
29-Aug-16,Breakfast,"Vers - Perzik, 1 stuk",48,11,0,1,0,0,0,0
29-Aug-16,Breakfast,"bacon cubes, 120 g",328,0,28,20,0,2880,0,0
29-Aug-16,Lunch,"None - Gepelde Biefstuk, 170 gr",185,0,3,40,0,0,0,0
29-Aug-16,Lunch,"rice cracker, 100 g",385,79,4,8,0,200,1,3
29-Aug-16,"Workout meal","maltodextrine, 160 g",608,152,0,0,0,0,8,0
29-Aug-16,"Workout meal","banana, 200 g",178,46,1,2,0,2,24,5
29-Aug-16,Dinner,"Everyday - Kippenborstfilets, 300 g",312,0,4,69,0,48,0,0
29-Aug-16,Dinner,"Sweet Potato - Plain, 300 grams",258,63,0,6,0,108,18,9
29-Aug-16,Dinner,"Lindt - 85% Cocoa Chocolate, 4 square (10 gram)",234,8,18,5,0,0,4,0
29-Aug-16,Dinner,"Fruit - Banana Raw, 100 g",89,23,0,1,0,1,12,3
29-Aug-16,Dinner,"sweet potato, 300 g",258,60,0,5,0,165,13,9
30-Aug-16,Breakfast,"eggs, 4 #",368,2,27,31,768,348,2,0
30-Aug-16,Breakfast,"olive oil, 10 g",88,0,10,0,0,0,0,0
30-Aug-16,Breakfast,"bacon cubes, 120 g",328,0,28,20,0,2880,0,0
30-Aug-16,Lunch,"banana, 100 g",89,23,0,1,0,1,12,3
30-Aug-16,Lunch,"chocolate 85%, 60 g",371,14,31,6,0,0,9,7
30-Aug-16,Lunch,"apple, 1 #",95,25,0,1,0,2,19,4
30-Aug-16,Dinner,"atlantic salmon, 400 g",832,0,52,80,220,236,0,0
31-Aug-16,Breakfast,"olive oil, 10 g",88,0,10,0,0,0,0,0
31-Aug-16,Breakfast,"eggs, 4 #",368,2,27,31,768,348,2,0
31-Aug-16,Breakfast,"bacon cubes, 120 g",328,0,28,20,0,2880,0,0
31-Aug-16,Lunch,"Colruyt Everyd - Fruitsap, 1000 ml",430,89,1,7,0,0,89,0
31-Aug-16,Lunch,"rice (white), 125 g",450,94,3,9,0,0,0,0
31-Aug-16,Lunch,"chicken breast (frozen), 320 g",352,0,5,74,144,160,0,0
31-Aug-16,Snacks,"chocolate 85%, 10 g",62,2,5,1,0,0,1,1
31-Aug-16,Dinner,"atlantic salmon, 400 g",832,0,52,80,220,236,0,0
31-Aug-16,Dinner,"boni - wokgroenten, 200 gr",118,22,1,3,0,0,13,7
31-Aug-16,Dinner,"olive oil, 15 g",133,0,15,0,0,0,0,0
31-Aug-16,Dinner,"rice (white), 100 g",360,75,2,7,0,0,0,0
31-Aug-16,Dinner,"coconut oil, 10 g",862,0,10,0,0,0,0,0
01-Sep-16,Breakfast,"eggs, 4 #",368,2,27,31,768,348,2,0
01-Sep-16,Breakfast,"olive oil, 10 g",88,0,10,0,0,0,0,0
01-Sep-16,Breakfast,"bacon cubes, 100 g",273,0,23,17,0,2400,0,0
01-Sep-16,Lunch,"rice cracker, 200 g",770,158,7,15,0,400,1,6
01-Sep-16,Lunch,"atlantic salmon, 200 g",416,0,26,40,110,118,0,0
01-Sep-16,Lunch,"sweet potato, 500 g",430,100,1,8,0,275,21,15
01-Sep-16,Lunch,"olive oil, 10 g",88,0,10,0,0,0,0,0
01-Sep-16,Lunch,"broccoli, 200 g",68,14,1,6,0,66,3,5
01-Sep-16,Dinner,"Boni - Erwten en jonge wortelen, 300 g",144,20,0,12,0,0,15,0
01-Sep-16,Dinner,"Generic - Striploin Steak, 240 gram",281,0,6,55,132,132,0,0
02-Sep-16,Lunch,"rice cracker, 100 g",385,79,4,8,0,200,1,3
02-Sep-16,Lunch,"eggs, 4 #",368,2,27,31,768,348,2,0
02-Sep-16,Lunch,"bacon cubes, 100 g",273,0,23,17,0,2400,0,0
02-Sep-16,Snacks,"Generic - Striploin Steak, 330 gram",386,0,9,76,182,182,0,0
02-Sep-16,Snacks,"rice (white), 125 g",450,94,3,9,0,0,0,0
02-Sep-16,Snacks,"olive oil, 15 g",133,0,15,0,0,0,0,0
03-Sep-16,Breakfast,"olive oil, 10 g",88,0,10,0,0,0,0,0
03-Sep-16,Breakfast,"eggs, 8 #",736,3,54,62,1536,696,5,0
03-Sep-16,Breakfast,"banana, 200 g",178,46,1,2,0,2,24,5
03-Sep-16,Breakfast,"bacon cubes, 100 g",273,0,23,17,0,2400,0,0
03-Sep-16,Lunch,"sweet potato, 500 g",430,100,1,8,0,275,21,15
03-Sep-16,Lunch,"chicken breast (frozen), 500 g",550,0,8,115,225,250,0,0
03-Sep-16,Lunch,"olive oil, 20 g",177,0,20,0,0,0,0,0
04-Sep-16,Breakfast,"eggs, 6 #",552,2,40,46,1152,522,4,0
04-Sep-16,Breakfast,"olive oil, 15 g",133,0,15,0,0,0,0,0
04-Sep-16,Breakfast,"banana, 2 #",210,54,0,3,0,2,28,6
04-Sep-16,Breakfast,"vegetables 1, 200 g",118,22,1,3,0,0,13,7
04-Sep-16,Lunch,"chicken breast (frozen), 500 g",550,0,8,115,225,250,0,0
04-Sep-16,Lunch,"olive oil, 10 g",88,0,10,0,0,0,0,0
04-Sep-16,Lunch,"semi-skimmed milk, 1250 ml",588,60,20,44,0,625,60,0
04-Sep-16,Lunch,"sweet potato, 500 g",430,100,1,8,0,275,21,15
04-Sep-16,Dinner,"Generic - Striploin Steak, 200 gram",234,0,5,46,110,110,0,0
04-Sep-16,Dinner,"vegetables 1, 300 g",177,32,1,5,0,0,19,11
05-Sep-16,Breakfast,"eggs, 6 #",552,2,40,46,1152,522,4,0
05-Sep-16,Breakfast,"bacon cubes, 100 g",273,0,23,17,0,2400,0,0
05-Sep-16,Breakfast,"banana, 100 g",89,23,0,1,0,1,12,3
05-Sep-16,Lunch,"rice (white), 125 g",450,94,3,9,0,0,0,0
05-Sep-16,Lunch,"Generic - Striploin Steak, 200 gram",234,0,5,46,110,110,0,0
05-Sep-16,Lunch,"olive oil, 10 g",88,0,10,0,0,0,0,0
05-Sep-16,"Workout meal","banana, 100 g",89,23,0,1,0,1,12,3
05-Sep-16,"Workout meal","maltodextrine, 100 g",380,95,0,0,0,0,5,0
05-Sep-16,Dinner,"Mais - Mais, 100 g",120,22,0,3,0,0,0,2
05-Sep-16,Dinner,"boni - wokgroenten, 200 gr",118,22,1,3,0,0,13,7
05-Sep-16,Dinner,"Cavaillon - Melon, 600 g",282,42,2,5,0,90,39,0
05-Sep-16,Dinner,"atlantic salmon, 400 g",832,0,52,80,220,236,0,0
05-Sep-16,Dinner,"olive oil, 10 g",88,0,10,0,0,0,0,0
06-Sep-16,Breakfast,"eggs, 8 #",736,3,54,62,1536,696,5,0
06-Sep-16,Breakfast,"olive oil, 10 g",88,0,10,0,0,0,0,0
06-Sep-16,Breakfast,"bacon cubes, 100 g",273,0,23,17,0,2400,0,0
06-Sep-16,Breakfast,"vegetables 1, 200 g",118,22,1,3,0,0,13,7
06-Sep-16,Lunch,"semi-skimmed milk, 1000 ml",470,48,16,35,0,500,48,0
06-Sep-16,Dinner,"chicken breast (frozen), 600 g",660,0,9,138,270,300,0,0
06-Sep-16,Dinner,"rice (white), 125 g",450,94,3,9,0,0,0,0
06-Sep-16,Dinner,"spinach, 400 g",92,14,2,12,0,316,2,9
07-Sep-16,Breakfast,"eggs, 7 #",644,3,47,54,1344,609,4,0
07-Sep-16,Breakfast,"vegetables 1, 200 g",118,22,1,3,0,0,13,7
07-Sep-16,Breakfast,"semi-skimmed milk, 250 ml",118,12,4,9,0,125,12,0
07-Sep-16,Breakfast,"olive oil, 10 g",88,0,10,0,0,0,0,0
07-Sep-16,Lunch,"olive oil, 20 g",177,0,20,0,0,0,0,0
07-Sep-16,Lunch,"sweet potato, 500 g",430,100,1,8,0,275,21,15
07-Sep-16,Lunch,"Fruit - Meloen, 800 g",272,56,2,7,0,8,52,52
07-Sep-16,Dinner,"rice (white), 150 g",540,113,3,11,0,0,0,0
07-Sep-16,Dinner,"Everyday - Kippenbil, 350 g",641,0,42,63,0,0,0,0
07-Sep-16,Dinner,"broccoli, 400 g",136,28,2,11,0,132,7,10
08-Sep-16,Breakfast,"eggs, 6 #",552,2,40,46,1152,522,4,0
09-Sep-16,Breakfast,"banana, 200 g",178,46,1,2,0,2,24,5
09-Sep-16,Breakfast,"Innocent - Super Smoothie Energy, 360 ml",213,46,0,2,0,0,0,0
09-Sep-16,Breakfast,"Nuts - Raw Macademia Nuts, 85 g",616,12,65,7,0,4,4,7
09-Sep-16,Lunch,"rice (white), 125 g",450,94,3,9,0,0,0,0
09-Sep-16,Lunch,"olive oil, 10 g",88,0,10,0,0,0,0,0
09-Sep-16,Lunch,"chicken breast (frozen), 600 g",660,0,9,138,270,300,0,0
09-Sep-16,Lunch,"broccoli, 250 g",85,18,1,7,0,83,4,7
09-Sep-16,"Workout meal","maltodextrine, 80 g",304,76,0,0,0,0,4,0
09-Sep-16,Dinner,"atlantic salmon, 200 g",416,0,26,40,110,118,0,0
10-Sep-16,Breakfast,"eggs, 5 #",460,2,34,39,960,435,3,0
10-Sep-16,Breakfast,"bacon cubes, 100 g",273,0,23,17,0,2400,0,0
11-Sep-16,Breakfast,"semi-skimmed milk, 750 ml",353,36,12,26,0,375,36,0
11-Sep-16,Breakfast,"eggs, 6 #",552,2,40,46,1152,522,4,0
11-Sep-16,Breakfast,"sweet potato, 250 g",215,50,0,4,0,138,11,8
11-Sep-16,Lunch,"Generic - Striploin Steak, 375 gram",439,0,10,86,206,206,0,0
12-Sep-16,Breakfast,"banana, 200 g",178,46,1,2,0,2,24,5
12-Sep-16,Breakfast,"eggs, 6 #",552,2,40,46,1152,522,4,0
12-Sep-16,Breakfast,"semi-skimmed milk, 250 ml",118,12,4,9,0,125,12,0
12-Sep-16,Breakfast,"olive oil, 10 g",88,0,10,0,0,0,0,0
12-Sep-16,Breakfast,"vegetables 1, 200 g",118,22,1,3,0,0,13,7
12-Sep-16,Breakfast,"sweet potato, 250 g",215,50,0,4,0,138,11,8
12-Sep-16,Lunch,"rice cracker, 100 g",385,79,4,8,0,200,1,3
12-Sep-16,"Workout meal","maltodextrine, 80 g",304,76,0,0,0,0,4,0
13-Sep-16,Breakfast,"eggs, 6 #",552,2,40,46,1152,522,4,0
14-Sep-16,Breakfast,"banana, 200 g",178,46,1,2,0,2,24,5
14-Sep-16,Breakfast,"semi-skimmed milk, 250 ml",118,12,4,9,0,125,12,0
14-Sep-16,Breakfast,"vegetables 1, 200 g",118,22,1,3,0,0,13,7
14-Sep-16,Breakfast,"eggs, 6 #",552,2,40,46,1152,522,4,0
14-Sep-16,Breakfast,"sweet potato, 250 g",215,50,0,4,0,138,11,8
14-Sep-16,Breakfast,"olive oil, 15 g",133,0,15,0,0,0,0,0
14-Sep-16,Lunch,"rice cracker, 100 g",385,79,4,8,0,200,1,3
14-Sep-16,Dinner,"atlantic salmon, 400 g",832,0,52,80,220,236,0,0
14-Sep-16,Dinner,"rice (white), 150 g",540,113,3,11,0,0,0,0
14-Sep-16,Dinner,"olive oil, 15 g",133,0,15,0,0,0,0,0
14-Sep-16,"Night meal","semi-skimmed milk, 600 ml",282,29,10,21,0,300,29,0
15-Sep-16,Breakfast,"eggs, 6 #",552,2,40,46,1152,522,4,0
16-Sep-16,Breakfast,"bacon cubes, 100 g",273,0,23,17,0,2400,0,0
16-Sep-16,Breakfast,"vegetables 1, 200 g",118,22,1,3,0,0,13,7
16-Sep-16,Breakfast,"eggs, 6 #",552,2,40,46,1152,522,4,0
16-Sep-16,Breakfast,"olive oil, 25 g",221,0,25,0,0,1,0,0
16-Sep-16,Breakfast,"sweet potato, 230.0 g",198,46,0,4,0,126,10,7
16-Sep-16,Lunch,"Generic - Striploin Steak, 340 gram",398,0,9,78,187,187,0,0
16-Sep-16,Lunch,"rice (white), 100 g",360,75,2,7,0,0,0,0
16-Sep-16,Lunch,"green tea, 2 cup",0,0,0,0,0,0,0,0
16-Sep-16,"Workout meal","maltodextrine, 40 g",152,38,0,0,0,0,2,0
16-Sep-16,Dinner,"atlantic salmon, 280 g",582,0,36,56,154,165,0,0
16-Sep-16,Dinner,"olive oil, 10 g",88,0,10,0,0,0,0,0
16-Sep-16,Dinner,"rice cracker, 170 g",655,134,6,13,0,340,1,5
16-Sep-16,Dinner,"apple, 2 #",190,50,1,1,0,4,38,9
17-Sep-16,Breakfast,"rice cracker, 30 g",116,24,1,2,0,60,0,1
17-Sep-16,Breakfast,"semi-skimmed milk, 500 ml",235,24,8,18,0,250,24,0
17-Sep-16,Breakfast,"vegetables 1, 160 g",94,17,0,2,0,0,10,6
17-Sep-16,Breakfast,"olive oil, 30 g",265,0,30,0,0,1,0,0
17-Sep-16,Breakfast,"sweet potato, 250 g",215,50,0,4,0,138,11,8
17-Sep-16,Breakfast,"eggs, 3 #",276,1,20,23,576,261,2,0
17-Sep-16,Lunch,"chocolate 85%, 20 g",124,5,10,2,0,0,3,2
17-Sep-16,Lunch,"green tea, 2 cup",0,0,0,0,0,0,0,0
17-Sep-16,Snacks,"pear, 2 #",204,54,0,1,0,4,34,12
17-Sep-16,Dinner,"red wine, 150 ml",125,4,0,0,0,6,0,0
17-Sep-16,Dinner,"chicken breast (frozen), 613 g",674,0,9,141,276,307,0,0
17-Sep-16,Dinner,"spinach, 500 g",115,18,2,15,0,395,2,11
17-Sep-16,Dinner,"rice (white), 150 g",540,113,3,11,0,0,0,0
17-Sep-16,Dinner,"olive oil, 40 g",354,0,40,0,0,1,0,0
18-Sep-16,Breakfast,"semi-skimmed milk, 500 ml",235,24,8,18,0,250,24,0
18-Sep-16,Breakfast,"eggs, 5 #",460,2,34,39,960,435,3,0
18-Sep-16,Breakfast,"olive oil, 15 g",133,0,15,0,0,0,0,0
18-Sep-16,Breakfast,"sweet potato, 100 g",86,20,0,2,0,55,4,3
18-Sep-16,Breakfast,"green tea, 1 cup",0,0,0,0,0,0,0,0
18-Sep-16,Breakfast,"vegetables 1, 200 g",118,22,1,3,0,0,13,7
18-Sep-16,Lunch,"red wine, 150 ml",125,4,0,0,0,6,0,0
18-Sep-16,Lunch,"green tea, 3 cup",0,0,0,0,0,0,0,0
18-Sep-16,Lunch,"Generic - Striploin Steak, 300 gram",351,0,8,69,165,165,0,0
18-Sep-16,Lunch,"missing, 1 #",800,0,0,0,0,0,0,0
18-Sep-16,Dinner,"rice cracker, 100 g",385,79,4,8,0,200,1,3
18-Sep-16,Dinner,"chocolate 85%, 30 g",186,7,15,3,0,0,4,3
18-Sep-16,Dinner,"semi-skimmed milk, 1000 ml",470,48,16,35,0,500,48,0
19-Sep-16,Breakfast,"green tea, 1 cup",0,0,0,0,0,0,0,0
19-Sep-16,Breakfast,"eggs, 4 #",368,2,27,31,768,348,2,0
19-Sep-16,Breakfast,"bacon cubes, 100 g",273,0,23,17,0,2400,0,0
19-Sep-16,Breakfast,"olive oil, 25 g",221,0,25,0,0,1,0,0
19-Sep-16,Breakfast,"apple, 1 #",95,25,0,1,0,2,19,4
19-Sep-16,Lunch,"peeled steak, 340 g",371,0,5,81,265,197,0,0
19-Sep-16,Lunch,"semi-skimmed milk, 1000 ml",470,48,16,35,0,500,48,0
19-Sep-16,Lunch,"rice cracker, 100 g",385,79,4,8,0,200,1,3
19-Sep-16,Lunch,"green tea, 1 cup",0,0,0,0,0,0,0,0
19-Sep-16,Lunch,"banana, 2 #",210,54,0,3,0,2,28,6
19-Sep-16,Lunch,"pear, 1 #",102,27,0,1,0,2,17,6
19-Sep-16,"Workout meal","maltodextrine, 40 g",152,38,0,0,0,0,2,0
19-Sep-16,Dinner,"olive oil, 20 g",177,0,20,0,0,0,0,0
19-Sep-16,Dinner,"atlantic salmon, 370 g",770,0,48,74,204,218,0,0
19-Sep-16,Dinner,"rice (white), 120 g",432,90,3,9,0,0,0,0
20-Sep-16,Breakfast,"green tea, 1 cup",0,0,0,0,0,0,0,0
20-Sep-16,Breakfast,"vegetables 1, 200 g",118,22,1,3,0,0,13,7
20-Sep-16,Breakfast,"eggs, 6 #",552,2,40,46,1152,522,4,0
20-Sep-16,Breakfast,"olive oil, 20 g",177,0,20,0,0,0,0,0
20-Sep-16,Breakfast,"sweet potato, 400 g",344,80,0,6,0,220,17,12
20-Sep-16,Lunch,"Carrefour - kippenonderbouten paprika, 350 g",550,1,33,63,0,4,1,0
20-Sep-16,Lunch,"banana, 2 #",210,54,0,3,0,2,28,6
20-Sep-16,Lunch,"pear, 1.6 #",163,43,0,1,0,3,27,10
20-Sep-16,Lunch,"green tea, 2 cup",0,0,0,0,0,0,0,0
20-Sep-16,Lunch,"chocolate 85%, 20 g",124,5,10,2,0,0,3,2
20-Sep-16,Dinner,"peeled steak, 293 g",319,0,4,70,229,170,0,0
20-Sep-16,Dinner,"broccoli, 350 g",119,25,1,10,0,116,6,9
20-Sep-16,Dinner,"olive oil, 20 g",177,0,20,0,0,0,0,0
20-Sep-16,Dinner,"rice (white), 100 g",360,75,2,7,0,0,0,0
21-Sep-16,Breakfast,"semi-skimmed milk, 1000 ml",470,48,16,35,0,500,48,0
21-Sep-16,Breakfast,"green tea, 2 cup",0,0,0,0,0,0,0,0
21-Sep-16,Breakfast,"banana, 2 #",210,54,0,3,0,2,28,6
21-Sep-16,Lunch,"chicken breast (frozen), 500 g",550,0,8,115,225,250,0,0
21-Sep-16,Lunch,"rice (white), 100 g",360,75,2,7,0,0,0,0
21-Sep-16,Lunch,"olive oil, 20 g",177,0,20,0,0,0,0,0
21-Sep-16,Dinner,"eggs, 8 #",736,3,54,62,1536,696,5,0
21-Sep-16,Dinner,"sweet potato, 480 g",413,96,0,8,0,264,20,14
21-Sep-16,Dinner,"vegetables 1, 200 g",118,22,1,3,0,0,13,7
21-Sep-16,Dinner,"olive oil, 60 g",530,0,60,0,0,1,0,0
22-Sep-16,Breakfast,"banana, 1 #",105,27,0,1,0,1,14,3
22-Sep-16,Breakfast,"bacon cubes, 100 g",273,0,23,17,0,2400,0,0
22-Sep-16,Breakfast,"eggs, 6 #",552,2,40,46,1152,522,4,0
22-Sep-16,Breakfast,"olive oil, 20 g",177,0,20,0,0,0,0,0
22-Sep-16,Lunch,"green tea, 2 cup",0,0,0,0,0,0,0,0
22-Sep-16,Lunch,"pear, 2 #",204,54,0,1,0,4,34,12
22-Sep-16,Snacks,"chocolate 85%, 30 g",186,7,15,3,0,0,4,3
22-Sep-16,Snacks,"semi-skimmed milk, 800 ml",376,38,13,28,0,400,38,0
22-Sep-16,Dinner,"red wine, 150 ml",125,4,0,0,0,6,0,0
22-Sep-16,Dinner,"sweet potato, 500 g",430,100,1,8,0,275,21,15
22-Sep-16,Dinner,"olive oil, 20 g",177,0,20,0,0,0,0,0
22-Sep-16,Dinner,"Boni - Witloof, 400 g",80,9,0,7,0,2,0,0
22-Sep-16,Dinner,"Kalf - Kalf, 200 g",296,0,16,38,140,0,0,0
22-Sep-16,"Night meal","eggs, 3 #",276,1,20,23,576,261,2,0
23-Sep-16,Breakfast,"eggs, 6 #",552,2,40,46,1152,522,4,0
23-Sep-16,Breakfast,"banana, 1 #",105,27,0,1,0,1,14,3
23-Sep-16,Breakfast,"pear, 2 #",204,54,0,1,0,4,34,12
23-Sep-16,Breakfast,"bacon cubes, 100 g",273,0,23,17,0,2400,0,0
23-Sep-16,Breakfast,"olive oil, 20 g",177,0,20,0,0,0,0,0
23-Sep-16,Lunch,"peeled steak, 323 g",352,0,5,77,252,187,0,0
23-Sep-16,Lunch,"rice (white), 100 g",360,75,2,7,0,0,0,0
23-Sep-16,Lunch,"semi-skimmed milk, 500 ml",235,24,8,18,0,250,24,0
23-Sep-16,Lunch,"green tea, 3 cup",0,0,0,0,0,0,0,0
23-Sep-16,Lunch,"olive oil, 20 g",177,0,20,0,0,0,0,0
23-Sep-16,"Workout meal","maltodextrine, 140 g",532,133,0,0,0,0,7,0
23-Sep-16,Dinner,"Pork - Pork, 300 gr",780,0,65,50,204,165,0,0
23-Sep-16,Dinner,"Courgettes - Courgettes, 300 g",51,9,1,3,0,24,8,3
24-Sep-16,Breakfast,"vegetables 1, 200 g",118,22,1,3,0,0,13,7
24-Sep-16,Breakfast,"eggs, 6 #",552,2,40,46,1152,522,4,0
24-Sep-16,Breakfast,"sweet potato, 400 g",344,80,0,6,0,220,17,12
24-Sep-16,Breakfast,"olive oil, 20 g",177,0,20,0,0,0,0,0
24-Sep-16,Breakfast,"apple, 1 #",95,25,0,1,0,2,19,4
24-Sep-16,Breakfast,"semi-skimmed milk, 250 ml",118,12,4,9,0,125,12,0
24-Sep-16,Lunch,"green tea, 2 cup",0,0,0,0,0,0,0,0
24-Sep-16,Lunch,"banana, 1 #",105,27,0,1,0,1,14,3
24-Sep-16,"Workout meal","apple, 1 #",95,25,0,1,0,2,19,4
24-Sep-16,Dinner,"semi-skimmed milk, 750 ml",353,36,12,26,0,375,36,0
24-Sep-16,Dinner,"chicken breast (frozen), 250 g",275,0,4,58,113,125,0,0
24-Sep-16,Dinner,"red wine, 150 ml",125,4,0,0,0,6,0,0
24-Sep-16,Dinner,"Mossels Natuur - 100 Gr, 300 gr",210,6,8,29,0,0,0,0
24-Sep-16,Dinner,"chicken breast (frozen), 150 g",165,0,2,35,68,75,0,0
25-Sep-16,Breakfast,"Boni - Carottes surgelées, 250 g",88,17,0,1,0,0,16,0
25-Sep-16,Breakfast,"eggs, 7 #",644,3,47,54,1344,609,4,0
25-Sep-16,Breakfast,"olive oil, 20 g",177,0,20,0,0,0,0,0
25-Sep-16,Lunch,"pear, 1 #",102,27,0,1,0,2,17,6
25-Sep-16,Lunch,"chocolate 85%, 50 g",310,12,26,5,0,0,7,5
25-Sep-16,Lunch,"Generic - Striploin Steak, 321 gram",376,0,9,74,177,177,0,0
25-Sep-16,Dinner,"Vers - Gebakken Pladijs, 140 gr",118,0,3,24,0,0,0,0
25-Sep-16,Dinner,"prei - prei, 150 gram",44,6,0,2,0,0,5,4
25-Sep-16,Dinner,"olive oil, 20 g",177,0,20,0,0,0,0,0
25-Sep-16,Dinner,"red wine, 300 ml",250,8,0,0,0,12,0,0
25-Sep-16,Dinner,"apple, 1 #",95,25,0,1,0,2,19,4
26-Sep-16,Breakfast,"semi-skimmed milk, 750 ml",353,36,12,26,0,375,36,0
26-Sep-16,Breakfast,"rice (white), 100 g",360,75,2,7,0,0,0,0
26-Sep-16,Breakfast,"chicken breast (frozen), 250 g",275,0,4,58,113,125,0,0
26-Sep-16,Breakfast,"eggs, 2 #",184,1,13,15,384,174,1,0
26-Sep-16,Breakfast,"olive oil, 20 g",177,0,20,0,0,0,0,0
26-Sep-16,Lunch,"eggs, 3 #",276,1,20,23,576,261,2,0
26-Sep-16,Lunch,"Tomaat - Verse Tomaat, 1 stuk (65gr)",19,2,0,1,0,6,0,1
26-Sep-16,Lunch,"Voedingswaardetabel.nl - Ajuin, 50 g",18,3,0,1,0,5,3,1
26-Sep-16,Lunch,"bacon cubes, 50 g",137,0,12,9,0,1200,0,0
26-Sep-16,"Workout meal","semi-skimmed milk, 2000 ml",940,96,32,70,0,1000,96,0
26-Sep-16,Dinner,"rice cracker, 130 g",501,103,5,10,0,260,1,4
26-Sep-16,Dinner,"semi-skimmed milk, 350 ml",165,17,6,12,0,175,17,0
26-Sep-16,Dinner,"Meijer - Oats, 150 g",563,101,9,19,0,0,0,15
27-Sep-16,Breakfast,"eggs, 4 #",368,2,27,31,768,348,2,0
27-Sep-16,Breakfast,"olive oil, 20 g",177,0,20,0,0,0,0,0
27-Sep-16,Breakfast,"green tea, 2 cup",0,0,0,0,0,0,0,0
27-Sep-16,Breakfast,"bacon cubes, 120 g",328,0,28,20,0,2880,0,0
27-Sep-16,Lunch,"banana, 3 #",315,81,0,4,0,4,42,9
27-Sep-16,Lunch,"pear, 1 #",102,27,0,1,0,2,17,6
27-Sep-16,Dinner,"chicken breast (frozen), 250 g",275,0,4,58,113,125,0,0
27-Sep-16,Dinner,"olive oil, 10 g",88,0,10,0,0,0,0,0
27-Sep-16,Dinner,"sweet potato, 500 g",430,100,1,8,0,275,21,15
27-Sep-16,Dinner,"Generic - Kippenbil Met Vel, 2 stuk",528,0,31,0,0,0,0,0
27-Sep-16,Dinner,"Erwten - Erwt, 200 gr",168,24,2,10,0,0,4,10
27-Sep-16,Dinner,"semi-skimmed milk, 1000 ml",470,48,16,35,0,500,48,0
28-Sep-16,Breakfast,"eggs, 6 #",552,2,40,46,1152,522,4,0
28-Sep-16,Breakfast,"olive oil, 20 g",177,0,20,0,0,0,0,0
28-Sep-16,Breakfast,"vegetables 1, 200 g",118,22,1,3,0,0,13,7
28-Sep-16,Lunch,"banana, 2 #",210,54,0,3,0,2,28,6
28-Sep-16,"Workout meal","maltodextrine, 80 g",304,76,0,0,0,0,4,0
28-Sep-16,"Workout meal","banana, 1 #",105,27,0,1,0,1,14,3
28-Sep-16,"Workout meal","rice cracker, 100 g",385,79,4,8,0,200,1,3
28-Sep-16,Dinner,"chicken breast (frozen), 220.0 g",242,0,3,51,99,110,0,0
28-Sep-16,Dinner,"Generic - Striploin Steak, 300 gram",351,0,8,69,165,165,0,0
28-Sep-16,Dinner,"sweet potato, 500 g",430,100,1,8,0,275,21,15
28-Sep-16,Dinner,"olive oil, 30 g",265,0,30,0,0,1,0,0
28-Sep-16,Dinner,"vegetables 1, 300 g",177,32,1,5,0,0,19,11
28-Sep-16,Dinner,"broccoli, 50 g",17,4,0,1,0,17,1,1
28-Sep-16,"Night meal","banana, 1 #",105,27,0,1,0,1,14,3
29-Sep-16,Breakfast,"eggs, 6 #",552,2,40,46,1152,522,4,0
29-Sep-16,Breakfast,"bacon cubes, 100 g",273,0,23,17,0,2400,0,0
29-Sep-16,Breakfast,"olive oil, 10 g",88,0,10,0,0,0,0,0
29-Sep-16,Lunch,"banana, 3 #",315,81,0,4,0,4,42,9
29-Sep-16,Lunch,"sweet potato, 500 g",430,100,1,8,0,275,21,15
29-Sep-16,Lunch,"Generic - Striploin Steak, 420 gram",491,0,11,97,231,231,0,0
29-Sep-16,Lunch,"boni - erwten, 300 g",195,23,2,16,0,0,9,15
29-Sep-16,Lunch,"olive oil, 10 g",88,0,10,0,0,0,0,0
30-Sep-16,Breakfast,"eggs, 6 #",552,2,40,46,1152,522,4,0
30-Sep-16,Breakfast,"olive oil, 10 g",88,0,10,0,0,0,0,0
30-Sep-16,Breakfast,"Albert Heijn - Geschrapte Worteltjes, 200 gram",66,11,1,1,0,60,9,6
30-Sep-16,Breakfast,"bacon cubes, 100 g",273,0,23,17,0,2400,0,0
30-Sep-16,Lunch,"banana, 3.5 #",368,95,0,5,0,4,49,11
30-Sep-16,Snacks,"maltodextrine, 75 g",285,71,0,0,0,0,4,0
30-Sep-16,"Workout meal","semi-skimmed milk, 1000 ml",470,48,16,35,0,500,48,0
30-Sep-16,Dinner,"atlantic salmon, 370 g",770,0,48,74,204,218,0,0
30-Sep-16,Dinner,"rice (white), 150 g",540,113,3,11,0,0,0,0
30-Sep-16,Dinner,"olive oil, 30 g",265,0,30,0,0,1,0,0
01-Oct-16,Breakfast,"vegetables 1, 300 g",177,32,1,5,0,0,19,11
01-Oct-16,Breakfast,"eggs, 8 #",736,3,54,62,1536,696,5,0
01-Oct-16,Breakfast,"olive oil, 20 g",177,0,20,0,0,0,0,0
01-Oct-16,Lunch,"Druif - Wit, 220.0 gram",158,36,0,2,0,0,29,1
01-Oct-16,Dinner,"Jumbo - Forel, 230.0 g",262,0,8,47,0,230,0,0
01-Oct-16,Dinner,"red wine, 270 ml",225,7,0,0,0,11,0,0
01-Oct-16,Dinner,"bacon cubes, 20 g",55,0,5,3,0,480,0,0
01-Oct-16,Dinner,"Ah - Champignons, 350 gr",105,11,1,11,0,0,7,4
01-Oct-16,Dinner,"olive oil, 10 g",88,0,10,0,0,0,0,0
01-Oct-16,"Night meal","atlantic salmon, 328 g",682,0,43,66,180,194,0,0
01-Oct-16,"Night meal","rice (white), 120 g",432,90,3,9,0,0,0,0
01-Oct-16,"Night meal","olive oil, 10 g",88,0,10,0,0,0,0,0
02-Oct-16,Breakfast,"eggs, 4 #",368,2,27,31,768,348,2,0
02-Oct-16,Breakfast,"Albert Heijn - Geschrapte Worteltjes, 200 gram",66,11,1,1,0,60,9,6
02-Oct-16,Breakfast,"semi-skimmed milk, 500 ml",235,24,8,18,0,250,24,0
02-Oct-16,Breakfast,"olive oil, 20 g",177,0,20,0,0,0,0,0
02-Oct-16,Lunch,"spinach, 580 g",133,21,2,17,0,458,2,13
02-Oct-16,Lunch,"Meat - Rib Eye Steak, 241 g",702,0,53,58,193,130,0,0
02-Oct-16,Lunch,"olive oil, 20 g",177,0,20,0,0,0,0,0
02-Oct-16,Dinner,"olive oil, 25 g",221,0,25,0,0,1,0,0
02-Oct-16,Dinner,"eggs, 3 #",276,1,20,23,576,261,2,0
02-Oct-16,Dinner,"Brood - Brood, 116 Gram",217,39,1,11,0,0,0,0
02-Oct-16,Dinner,"rice cracker, 92 g",354,73,3,7,0,184,0,3
02-Oct-16,"Night meal","Honey Kix - Honey Kix, 30 g",109,25,1,2,0,173,5,3
02-Oct-16,"Night meal","semi-skimmed milk, 500 ml",235,24,8,18,0,250,24,0
03-Oct-16,Breakfast,"eggs, 3 #",276,1,20,23,576,261,2,0
03-Oct-16,Breakfast,"semi-skimmed milk, 400 ml",188,19,6,14,0,200,19,0
03-Oct-16,Breakfast,"olive oil, 20 g",177,0,20,0,0,0,0,0
03-Oct-16,Lunch,"rice (white), 125 g",450,94,3,9,0,0,0,0
03-Oct-16,Lunch,"Rund - Gehakt, 280 gr",700,0,56,48,0,0,0,0
03-Oct-16,Lunch,"boni - erwten, 200 g",130,16,1,11,0,0,6,10
03-Oct-16,Lunch,"Algemeen - Wortels, 200 gr",82,21,0,2,0,138,0,6
03-Oct-16,Snacks,"maltodextrine, 60 g",228,57,0,0,0,0,3,0
03-Oct-16,"Workout meal","semi-skimmed milk, 1000 ml",470,48,16,35,0,500,48,0
03-Oct-16,Dinner,"atlantic salmon, 400 g",832,0,52,80,220,236,0,0
03-Oct-16,Dinner,"rice (white), 125 g",450,94,3,9,0,0,0,0
03-Oct-16,Dinner,"olive oil, 15 g",133,0,15,0,0,0,0,0
04-Oct-16,Breakfast,"eggs, 6 #",552,2,40,46,1152,522,4,0
04-Oct-16,Breakfast,"olive oil, 15 g",133,0,15,0,0,0,0,0
04-Oct-16,Breakfast,"vegetables 1, 200 g",118,22,1,3,0,0,13,7
04-Oct-16,Lunch,"banana, 2 #",210,54,0,3,0,2,28,6
04-Oct-16,Lunch,"Generic - Striploin Steak, 300 gram",351,0,8,69,165,165,0,0
04-Oct-16,Lunch,"rice (white), 50 g",180,38,1,4,0,0,0,0
04-Oct-16,"Workout meal","rice cracker, 200 g",770,158,7,15,0,400,1,6
04-Oct-16,Dinner,"Generic - Striploin Steak, 300 gram",351,0,8,69,165,165,0,0
05-Oct-16,Breakfast,"egg, 6 #",552,2,40,46,1152,522,4,0
05-Oct-16,Breakfast,"olive oil, 15 g",133,0,15,0,0,0,0,0
05-Oct-16,Breakfast,"chocolate 85%, 20 g",124,5,10,2,0,0,3,2
05-Oct-16,Lunch,"banana, 1 #",105,27,0,1,0,1,14,3
05-Oct-16,Lunch,"spinach, 100 g",23,4,0,3,0,79,0,2
05-Oct-16,Lunch,"Voedingswaardetabel - Paling, 150 g",366,0,29,26,240,840,0,0
05-Oct-16,Lunch,"rice (white), 100 g",360,75,2,7,0,0,0,0
05-Oct-16,Lunch,"olive oil, 10 g",88,0,10,0,0,0,0,0
05-Oct-16,"Workout meal","semi-skimmed milk, 1000 ml",470,48,16,35,0,500,48,0
05-Oct-16,Dinner,"Generic - Striploin Steak, 363 gram",425,0,10,83,200,200,0,0
05-Oct-16,Dinner,"sweet potato, 800 g",688,160,1,13,0,440,34,24
05-Oct-16,Dinner,"olive oil, 20 g",177,0,20,0,0,0,0,0
06-Oct-16,Breakfast,"Broccoli, 300 g",102,21,1,8,0,99,5,8
06-Oct-16,Breakfast,"egg, 8 #",736,3,54,62,1536,696,5,0
06-Oct-16,Breakfast,"olive oil, 30 g",265,0,30,0,0,1,0,0
06-Oct-16,Breakfast,"banana, 1 #",105,27,0,1,0,1,14,3
06-Oct-16,Lunch,"chicken breast (frozen), 520 g",572,0,8,120,234,260,0,0
06-Oct-16,Lunch,"rice (white), 125 g",450,94,3,9,0,0,0,0
06-Oct-16,Lunch,"olive oil, 15 g",133,0,15,0,0,0,0,0
06-Oct-16,Snacks,"Generic - Lipton Ice Tea  - Green Tea, 330 ml",65,23,0,0,0,0,15,0
06-Oct-16,Dinner,"rice cracker, 100 g",385,79,4,8,0,200,1,3
06-Oct-16,Dinner,"banana, 1 #",105,27,0,1,0,1,14,3
07-Oct-16,Breakfast,"egg, 6 #",552,2,40,46,1152,522,4,0
07-Oct-16,Breakfast,"banana, 1 #",105,27,0,1,0,1,14,3
07-Oct-16,Breakfast,"olive oil, 20 g",177,0,20,0,0,0,0,0
07-Oct-16,Breakfast,"vegetables 1, 100 g",59,11,0,2,0,0,6,4
07-Oct-16,Lunch,"AH - Spelt pannenkoeken , 810 gram",1944,219,97,49,0,0,61,6
07-Oct-16,"Workout meal","semi-skimmed milk, 1000 ml",470,48,16,35,0,500,48,0
07-Oct-16,"Workout meal","maltodextrine, 80 g",304,76,0,0,0,0,4,0
07-Oct-16,Dinner,"chicken breast (frozen), 300 g",330,0,5,69,135,150,0,0
08-Oct-16,Breakfast,"egg, 4 #",368,2,27,31,768,348,2,0
08-Oct-16,Breakfast,"semi-skimmed milk, 750 ml",353,36,12,26,0,375,36,0
08-Oct-16,Breakfast,"Algemeen - Honing, 14 g (theelepel)",49,12,0,0,0,1,12,0
08-Oct-16,Lunch,"Brood - Brood, 150 gr",338,60,2,17,0,0,0,0
08-Oct-16,Snacks,"oats soy mild , 0.2 serving(s)",95,14,3,4,0,22,1,2
08-Oct-16,"Workout meal","semi-skimmed milk, 1000 ml",470,48,16,35,0,500,48,0
08-Oct-16,Dinner,"atlantic salmon, 400 g",832,0,52,80,220,236,0,0
08-Oct-16,Dinner,"rice (white), 125 g",450,94,3,9,0,0,0,0
08-Oct-16,Dinner,"olive oil, 50 g",442,0,50,0,0,1,0,0
09-Oct-16,Breakfast,"semi-skimmed milk, 750 ml",353,36,12,26,0,375,36,0
09-Oct-16,Breakfast,"egg, 5 #",460,2,34,39,960,435,3,0
09-Oct-16,Breakfast,"olive oil, 15 g",133,0,15,0,0,0,0,0
09-Oct-16,Breakfast,"Algemeen - Honing, 21 g (theelepel)",74,18,0,0,0,2,18,0
09-Oct-16,Lunch,"Freixenet - Cava, 200 ml",150,38,0,0,0,0,0,0
09-Oct-16,Lunch,"broccoli, 300 g",102,21,1,8,0,99,5,8
09-Oct-16,Lunch,"Canadase kreeft - kreeft, 150 gram",129,0,3,26,0,0,0,0
09-Oct-16,Snacks,"Dole - Banana-medium 6-6 7/8&quot;, 3 banana",315,86,1,4,0,3,46,10
09-Oct-16,Dinner,"Generic - Striploin Steak, 400 gram",468,0,11,92,220,220,0,0
09-Oct-16,Dinner,"Minute Maid - Brown Rice, 150 Grams (dry)",523,119,5,10,0,35,0,7
09-Oct-16,Dinner,"olive oil, 40 g",354,0,40,0,0,1,0,0
10-Oct-16,Breakfast,"banana, 3 #",315,81,0,4,0,4,42,9
10-Oct-16,Lunch,"Authentieke pannekoeken - pannekoek, 9 pannekoek",1278,170,50,29,0,4,34,9
10-Oct-16,Lunch,"semi-skimmed milk, 900 ml",423,43,14,32,0,450,43,0
11-Oct-16,Breakfast,"banana, 3 #",315,81,0,4,0,4,42,9
11-Oct-16,Breakfast,"Everyday - Colruyt - Halfvolle Melk, 250 ml",118,12,4,9,0,125,12,0
11-Oct-16,Breakfast,"rice cracker, 100 g",385,79,4,8,0,200,1,3
11-Oct-16,Breakfast,"Quaker Oats (Net Carbs) - Quick Oats Oatmeal, 1/2 cup dry, 40g  (1 cup cooked)",150,27,3,5,0,0,1,4
11-Oct-16,Breakfast,"Oil - Vegetable, coconut, 10 g",86,0,10,0,0,0,0,0
11-Oct-16,Lunch,"Generic - Striploin Steak, 320 gram",374,0,9,74,176,176,0,0
11-Oct-16,Lunch,"rice (white), 125 g",450,94,3,9,0,0,0,0
11-Oct-16,Lunch,"olive oil, 20 g",177,0,20,0,0,0,0,0
11-Oct-16,"Workout meal","Generic - Halfvolle Melk, 1000 ml",460,48,15,34,50,1000,48,0
11-Oct-16,Dinner,"atlantic salmon, 400 g",832,0,52,80,220,236,0,0
11-Oct-16,Dinner,"rice (white), 125 g",450,94,3,9,0,0,0,0
11-Oct-16,Dinner,"olive oil, 30 g",265,0,30,0,0,1,0,0
12-Oct-16,Breakfast,"egg, 8 #",736,3,54,62,1536,696,5,0
12-Oct-16,Breakfast,"olive oil, 20 g",177,0,20,0,0,0,0,0
12-Oct-16,Breakfast,"banana, 1 #",105,27,0,1,0,1,14,3
12-Oct-16,Lunch,"Generic - Striploin Steak, 500 gram",585,0,14,115,275,275,0,0
12-Oct-16,Lunch,"olive oil, 20 g",177,0,20,0,0,0,0,0
12-Oct-16,Lunch,"vegetables 1, 300 g",177,32,1,5,0,0,19,11
12-Oct-16,Lunch,"red wine, 150 ml",125,4,0,0,0,6,0,0
12-Oct-16,Dinner,"semi-skimmed milk, 1000 ml",470,48,16,35,0,500,48,0
13-Oct-16,Breakfast,"banana, 2 #",210,54,0,3,0,2,28,6
13-Oct-16,Breakfast,"egg, 6 #",552,2,40,46,1152,522,4,0
13-Oct-16,Breakfast,"olive oil, 20 g",177,0,20,0,0,0,0,0
13-Oct-16,Lunch,"banana, 1.5 #",158,41,0,2,0,2,21,5
13-Oct-16,Lunch,"Panos - Chocoladekoek, 300 g",1305,147,67,28,0,1200,39,0
13-Oct-16,Dinner,"Heudebert - Toast 6 Granen, 34 toast",1224,201,27,41,0,4760,10,17
13-Oct-16,"Night meal","semi-skimmed milk, 250 ml",118,12,4,9,0,125,12,0
14-Oct-16,Breakfast,"egg, 6 #",552,2,40,46,1152,522,4,0
14-Oct-16,Breakfast,"olive oil, 20 g",177,0,20,0,0,0,0,0
14-Oct-16,Breakfast,"Boulangerie - Croissant, 0.5 pièce",90,11,5,2,0,0,0,0
14-Oct-16,Breakfast,"semi-skimmed milk, 500 ml",235,24,8,18,0,250,24,0
14-Oct-16,Lunch,"AH - Spelt pannenkoeken , 405 gram",972,109,49,24,0,0,30,3
14-Oct-16,Lunch,"Albert Heijn - Vers Sap (Bosvruchten, Braam, Zwarte Bes), 500 ml",220,50,0,3,0,0,50,0
14-Oct-16,"Workout meal","semi-skimmed milk, 1000 ml",470,48,16,35,0,500,48,0
14-Oct-16,Dinner,"banana, 1.5 #",158,41,0,2,0,2,21,5
14-Oct-16,Dinner,"Słodycze - Kinder Bueno, 2 stick",250,22,16,4,5,45,18,1
14-Oct-16,Dinner,"chicken breast (frozen), 350 g",385,0,5,81,158,175,0,0
14-Oct-16,Dinner,"olive oil, 15 g",133,0,15,0,0,0,0,0
14-Oct-16,Dinner,"semi-skimmed milk, 250 ml",118,12,4,9,0,125,12,0
15-Oct-16,Breakfast,"eggs, 6 #",552,2,40,46,1152,522,4,0
15-Oct-16,Breakfast,"olive oil, 10 g",88,0,10,0,0,0,0,0
15-Oct-16,Breakfast,"semi-skimmed milk, 400 ml",188,19,6,14,0,200,19,0
15-Oct-16,Breakfast,"broccoli, 300 g",102,21,1,8,0,99,5,8
15-Oct-16,Lunch,"atlantic salmon, 375 g",780,0,49,75,206,221,0,0
15-Oct-16,Lunch,"olive oil, 10 g",88,0,10,0,0,0,0,0
15-Oct-16,Dinner,"spinach, 500 g",115,18,2,15,0,395,2,11
15-Oct-16,Dinner,"rice (white), 125 g",450,94,3,9,0,0,0,0
15-Oct-16,Dinner,"Côte d&#x27;Or - chocolat culinaire noir, 75 g",416,35,27,4,0,8,33,7
15-Oct-16,"Night meal","semi-skimmed milk, 500 ml",235,24,8,18,0,250,24,0
15-Oct-16,"Night meal","Ys Bee Farms Pure Premium Clover Honey - Honey - 1 Tablespoon, 4 tsp.",60,18,0,0,0,0,16,0
16-Oct-16,Breakfast,"egg, 4 #",368,2,27,31,768,348,2,0
16-Oct-16,Breakfast,"olive oil, 20 g",177,0,20,0,0,0,0,0
16-Oct-16,Breakfast,"semi-skimmed milk, 500 ml",235,24,8,18,0,250,24,0
16-Oct-16,Lunch,"Authentieke pannekoeken - pannekoek, 9 pannekoek",1278,170,50,29,0,4,34,9
16-Oct-16,Dinner,"chicken breast (frozen), 492 g",541,0,7,113,221,246,0,0
16-Oct-16,Dinner,"olive oil, 20 g",177,0,20,0,0,0,0,0
16-Oct-16,Dinner,"sweet potato, 600 g",516,120,1,10,0,330,25,18
16-Oct-16,"Night meal","semi-skimmed milk, 500 ml",235,24,8,18,0,250,24,0
17-Oct-16,Breakfast,"Dikmuidse pannenkoeken - pannenkoek, 8 pannenkoek",1360,162,65,24,0,0,72,0
17-Oct-16,Breakfast,"semi-skimmed milk, 500 ml",235,24,8,18,0,250,24,0
17-Oct-16,Lunch,"rice cracker, 200 g",770,158,7,15,0,400,1,6
17-Oct-16,"Workout meal","semi-skimmed milk, 1000 ml",470,48,16,35,0,500,48,0
17-Oct-16,Dinner,"rice (white), 125 g",450,94,3,9,0,0,0,0
17-Oct-16,Dinner,"atlantic salmon, 339 g",705,0,44,68,186,200,0,0
17-Oct-16,Dinner,"boni - wokgroenten, 200 gr",118,22,1,3,0,0,13,7
17-Oct-16,Dinner,"olive oil, 10 g",88,0,10,0,0,0,0,0
18-Oct-16,Breakfast,"egg, 6 #",552,2,40,46,1152,522,4,0
18-Oct-16,Breakfast,"vegetables 1, 200 g",118,22,1,3,0,0,13,7
18-Oct-16,Breakfast,"olive oil, 20 g",177,0,20,0,0,0,0,0
18-Oct-16,Lunch,"banana, 2 #",210,54,0,3,0,2,28,6
18-Oct-16,Lunch,"Albert Heijn (Ah) - Flink Brood Appel, Brie, Walnoten &amp; Lollo Rosso, 300 g",810,54,51,33,0,126,6,5
18-Oct-16,Dinner,"Vis - Tong (Gebakken), 150 g",179,0,4,36,135,135,0,0
18-Oct-16,Dinner,"rice (white), 125 g",450,94,3,9,0,0,0,0
18-Oct-16,Dinner,"Generic - Striploin Steak, 335 gram",392,0,9,77,184,184,0,0
18-Oct-16,Dinner,"olive oil, 20 g",177,0,20,0,0,0,0,0
18-Oct-16,Dinner,"rice cracker, 100 g",385,79,4,8,0,200,1,3
19-Oct-16,Breakfast,"egg, 6 #",552,2,40,46,1152,522,4,0
19-Oct-16,Breakfast,"vegetables 1, 200 g",118,22,1,3,0,0,13,7
19-Oct-16,Breakfast,"olive oil, 20 g",177,0,20,0,0,0,0,0
19-Oct-16,Lunch,"Albert Heijn (Ah) - Flink Brood Appel, Brie, Walnoten &amp; Lollo Rosso, 300 g",810,54,51,33,0,126,6,5
19-Oct-16,Snacks,"Dole - Banana-medium 6-6 7/8&quot;, 2 banana",210,58,1,3,0,2,31,7
19-Oct-16,Snacks,"chocolate 85%, 50 g",310,12,26,5,0,0,7,5
19-Oct-16,"Workout meal","semi-skimmed milk, 1000 ml",470,48,16,35,0,500,48,0
19-Oct-16,Dinner,"rice (white), 125 g",450,94,3,9,0,0,0,0
20-Oct-16,Breakfast,"egg, 6 #",552,2,40,46,1152,522,4,0
20-Oct-16,Breakfast,"olive oil, 20 g",177,0,20,0,0,0,0,0
20-Oct-16,Lunch,"banana, 2 #",210,54,0,3,0,2,28,6
20-Oct-16,Snacks,"rice cracker, 200 g",770,158,7,15,0,400,1,6
20-Oct-16,Dinner,"rice (white), 75 g",270,56,2,5,0,0,0,0
20-Oct-16,Dinner,"Everyday - Kippenbil, 300 g",549,0,36,54,0,0,0,0
20-Oct-16,Dinner,"boni - wokgroenten, 200 gr",118,22,1,3,0,0,13,7
20-Oct-16,Dinner,"olive oil, 10 g",88,0,10,0,0,0,0,0
20-Oct-16,"Night meal","semi-skimmed milk, 500 ml",235,24,8,18,0,250,24,0
21-Oct-16,Breakfast,"egg, 8 #",736,3,54,62,1536,696,5,0
21-Oct-16,Breakfast,"semi-skimmed milk, 500 ml",235,24,8,18,0,250,24,0
21-Oct-16,Breakfast,"olive oil, 20 g",177,0,20,0,0,0,0,0
21-Oct-16,Lunch,"Albert Heijn - Ambachtelijke Pannenkoeken Naturel (8 Stuks), 371.25 gram (1 pannenkoek)",891,107,41,20,0,1150,30,4
21-Oct-16,Snacks,"banana, 2 #",210,54,0,3,0,2,28,6
21-Oct-16,"Workout meal","semi-skimmed milk, 1000 ml",470,48,16,35,0,500,48,0
21-Oct-16,Dinner,"atlantic salmon, 438 g",911,0,57,88,241,258,0,0
21-Oct-16,Dinner,"rice (white), 62.5 g",225,47,1,5,0,0,0,0
21-Oct-16,Dinner,"boni - wokgroenten, 160 gr",94,17,0,2,0,0,10,6
22-Oct-16,Breakfast,"banana, 3 #",315,81,0,4,0,4,42,9
22-Oct-16,Breakfast,"rice (white), 62.5 g",225,47,1,5,0,0,0,0
22-Oct-16,Breakfast,"vegetables 1, 160 g",94,17,0,2,0,0,10,6
22-Oct-16,Breakfast,"chocolate 85%, 20 g",124,5,10,2,0,0,3,2
22-Oct-16,Lunch,"Lu Mini Crackers - naturel, 40 crackers",1096,176,31,27,0,5,4,9
22-Oct-16,Lunch,"Generic - Striploin Steak, 335 gram",392,0,9,77,184,184,0,0
22-Oct-16,Lunch,"olive oil, 20 g",177,0,20,0,0,0,0,0
23-Oct-16,Snacks,"chocolate 85%, 20 g",124,5,10,2,0,0,3,2
24-Oct-16,Breakfast,"banana, 1 #",105,27,0,1,0,1,14,3
24-Oct-16,Breakfast,"olive oil, 20 g",177,0,20,0,0,0,0,0
24-Oct-16,Breakfast,"vegetables 1, 160 g",94,17,0,2,0,0,10,6
24-Oct-16,Breakfast,"egg, 8 #",736,3,54,62,1536,696,5,0
24-Oct-16,Breakfast,"semi-skimmed milk, 250 ml",118,12,4,9,0,125,12,0
24-Oct-16,Breakfast,"Algemeen - Honing, 7 g (theelepel)",25,6,0,0,0,1,6,0
24-Oct-16,Snacks,"rice cracker, 200 g",770,158,7,15,0,400,1,6
24-Oct-16,Snacks,"banana, 1 #",105,27,0,1,0,1,14,3
24-Oct-16,"Workout meal","semi-skimmed milk, 1000 ml",470,48,16,35,0,500,48,0
24-Oct-16,Dinner,"atlantic salmon, 432 g",899,0,56,86,238,255,0,0
24-Oct-16,Dinner,"rice (white), 125 g",450,94,3,9,0,0,0,0
24-Oct-16,Dinner,"vegetables 1, 200 g",118,22,1,3,0,0,13,7
25-Oct-16,Breakfast,"egg, 6 #",552,2,40,46,1152,522,4,0
25-Oct-16,Breakfast,"vegetables 1, 200 g",118,22,1,3,0,0,13,7
25-Oct-16,Breakfast,"olive oil, 15 g",133,0,15,0,0,0,0,0
25-Oct-16,Breakfast,"Wok - Groenten, 200 gr",74,14,0,4,0,0,8,4
25-Oct-16,Breakfast,"sweet potato, 250 g",215,50,0,4,0,138,11,8
25-Oct-16,Lunch,"Albert Heijn (Ah) - Flink Brood Appel, Brie, Walnoten &amp; Lollo Rosso, 360 g",972,65,61,40,0,151,7,5
25-Oct-16,Snacks,"banana, 1 #",105,27,0,1,0,1,14,3
25-Oct-16,Dinner,"rice (white), 125 g",450,94,3,9,0,0,0,0
25-Oct-16,Dinner,"Ah - Champignons, 200 gr",60,6,1,6,0,0,4,2
25-Oct-16,Dinner,"Generic - Striploin Steak, 258 gram",302,0,7,59,142,142,0,0
25-Oct-16,Dinner,"olive oil, 20 g",177,0,20,0,0,0,0,0
25-Oct-16,Dinner,"eggs, 3 #",276,1,20,23,576,261,2,0
26-Oct-16,Breakfast,"egg, 7 #",644,3,47,54,1344,609,4,0
26-Oct-16,Breakfast,"vegetables 1, 200 g",118,22,1,3,0,0,13,7
26-Oct-16,Breakfast,"olive oil, 15 g",133,0,15,0,0,0,0,0
26-Oct-16,Breakfast,"semi-skimmed milk, 250 ml",118,12,4,9,0,125,12,0
26-Oct-16,Lunch,"Albert Heijn (Ah) - Flink Brood Appel, Brie, Walnoten &amp; Lollo Rosso, 360 g",972,65,61,40,0,151,7,5
26-Oct-16,Lunch,"chocolate 85%, 30 g",186,7,15,3,0,0,4,3
26-Oct-16,"Workout meal","Mp3 Carbo - Fruit Sensation, 1 serving",409,102,0,0,0,0,0,0
26-Oct-16,Dinner,"spinach, 500 g",115,18,2,15,0,395,2,11
26-Oct-16,Dinner,"rice (white), 125 g",450,94,3,9,0,0,0,0
26-Oct-16,Dinner,"olive oil, 15 g",133,0,15,0,0,0,0,0
26-Oct-16,Dinner,"semi-skimmed milk, 250 ml",118,12,4,9,0,125,12,0
26-Oct-16,Dinner,"chicken breast (frozen), 250 g",275,0,4,58,113,125,0,0
27-Oct-16,Breakfast,"banana, 4 #",420,108,0,5,0,5,56,12
27-Oct-16,Breakfast,"rice cracker, 100 g",385,79,4,8,0,200,1,3
27-Oct-16,Lunch,"Everyday - Colruyt - Halfvolle Melk, 1000 ml",470,48,16,35,0,500,48,0
27-Oct-16,Lunch,"chocolate 85%, 40 g",248,9,20,4,0,0,6,4
27-Oct-16,Dinner,"chicken breast (frozen), 350 g",385,0,5,81,158,175,0,0
27-Oct-16,Dinner,"sweet potato, 700 g",602,140,1,11,0,385,29,21
27-Oct-16,Dinner,"Pork - Pork, 150 gr",390,0,32,25,102,83,0,0
27-Oct-16,Dinner,"olive oil, 15 g",133,0,15,0,0,0,0,0
27-Oct-16,Dinner,"Boni - Witloof, 400 g",80,9,0,7,0,2,0,0
27-Oct-16,"Night meal","semi-skimmed milk, 500 ml",235,24,8,18,0,250,24,0
28-Oct-16,Breakfast,"egg, 8 #",736,3,54,62,1536,696,5,0
28-Oct-16,Breakfast,"vegetables 1, 200 g",118,22,1,3,0,0,13,7
28-Oct-16,Breakfast,"olive oil, 40 g",354,0,40,0,0,1,0,0
28-Oct-16,Lunch,"rice cracker, 100 g",385,79,4,8,0,200,1,3
28-Oct-16,"Workout meal","semi-skimmed milk, 1000 ml",470,48,16,35,0,500,48,0
28-Oct-16,"Workout meal","banana, 3 #",315,81,0,4,0,4,42,9
28-Oct-16,Dinner,"rice (white), 125 g",450,94,3,9,0,0,0,0
28-Oct-16,Dinner,"olive oil, 20 g",177,0,20,0,0,0,0,0
28-Oct-16,Dinner,"atlantic salmon, 337 g",701,0,44,67,185,199,0,0
28-Oct-16,Dinner,"Pork - Pork, 100 gr",260,0,22,17,68,55,0,0
31-Oct-16,Breakfast,"sweet potato, 400 g",344,80,0,6,0,220,17,12
31-Oct-16,Breakfast,"vegetables 1, 200 g",118,22,1,3,0,0,13,7
31-Oct-16,Breakfast,"egg, 8 #",736,3,54,62,1536,696,5,0
31-Oct-16,Breakfast,"olive oil, 40 g",354,0,40,0,0,1,0,0
31-Oct-16,Breakfast,"semi-skimmed milk, 450 ml",212,22,7,16,0,225,22,0
31-Oct-16,Lunch,"rice cracker, 100 g",385,79,4,8,0,200,1,3
31-Oct-16,"Workout meal","semi-skimmed milk, 1000 ml",470,48,16,35,0,500,48,0
31-Oct-16,Dinner,"rice (white), 125 g",450,94,3,9,0,0,0,0
31-Oct-16,Dinner,"atlantic salmon, 324 g",674,0,42,65,178,191,0,0
31-Oct-16,Dinner,"olive oil, 10 g",88,0,10,0,0,0,0,0
31-Oct-16,Dinner,"Letuce - Salade, 2 portion",40,6,0,4,0,0,0,0
01-Nov-16,Breakfast,"Qnt - Pro Shake, 500 ml",288,20,1,50,0,0,0,0
02-Nov-16,Breakfast,"egg, 5 #",460,2,34,39,960,435,3,0
02-Nov-16,Lunch,"Albert Heijn (Ah) - Flink Brood Appel, Brie, Walnoten &amp; Lollo Rosso, 360 g",972,65,61,40,0,151,7,5
02-Nov-16,Lunch,"chocolate 85%, 40 g",248,9,20,4,0,0,6,4
02-Nov-16,"Workout meal","semi-skimmed milk, 1000 ml",470,48,16,35,0,500,48,0
02-Nov-16,Dinner,"banana, 2 #",210,54,0,3,0,2,28,6
02-Nov-16,Dinner,"rice (white), 125 g",450,94,3,9,0,0,0,0
02-Nov-16,Dinner,"atlantic salmon, 450 g",936,0,59,90,248,266,0,0
03-Nov-16,Breakfast,"egg, 6 #",552,2,40,46,1152,522,4,0
03-Nov-16,Breakfast,"banana, 3 #",315,81,0,4,0,4,42,9
03-Nov-16,Breakfast,"pear, 1 #",102,27,0,1,0,2,17,6
03-Nov-16,Lunch,"chicken breast (frozen), 620 g",682,0,9,143,279,310,0,0
03-Nov-16,Lunch,"rice (white), 125 g",450,94,3,9,0,0,0,0
03-Nov-16,Lunch,"olive oil, 25 g",221,0,25,0,0,1,0,0
03-Nov-16,Snacks,"banana, 1 #",105,27,0,1,0,1,14,3
03-Nov-16,Dinner,"rice (white), 125 g",450,94,3,9,0,0,0,0
03-Nov-16,Dinner,"olive oil, 25 g",221,0,25,0,0,1,0,0
04-Nov-16,Breakfast,"egg, 8 #",736,3,54,62,1536,696,5,0
04-Nov-16,Breakfast,"Wok - Groenten, 200 gr",74,14,0,4,0,0,8,4
04-Nov-16,Breakfast,"olive oil, 20 g",177,0,20,0,0,0,0,0
04-Nov-16,Breakfast,"banana, 1 #",105,27,0,1,0,1,14,3
04-Nov-16,Lunch,"Quaker - Haver, 200 g",710,120,15,20,0,0,0,13
04-Nov-16,Lunch,"semi-skimmed milk, 600 ml",282,29,10,21,0,300,29,0
04-Nov-16,Snacks,"banana, 2 #",210,54,0,3,0,2,28,6
04-Nov-16,"Workout meal","semi-skimmed milk, 1000 ml",470,48,16,35,0,500,48,0
04-Nov-16,Dinner,"atlantic salmon, 200 g",416,0,26,40,110,118,0,0
04-Nov-16,Dinner,"olive oil, 10 g",88,0,10,0,0,0,0,0
05-Nov-16,Breakfast,"semi-skimmed milk, 1000 ml",470,48,16,35,0,500,48,0
05-Nov-16,Breakfast,"Lotus - Speculoos, 70 ,8g",380,57,15,4,0,0,30,1
05-Nov-16,Breakfast,"chocolate 85%, 20 g",124,5,10,2,0,0,3,2
05-Nov-16,Breakfast,"banana, 2 #",210,54,0,3,0,2,28,6
05-Nov-16,Lunch,"Albert Heijn - Kipfilet 500g, 400 gram",440,0,6,92,0,160,0,0
05-Nov-16,Lunch,"sweet potato, 500 g",430,100,1,8,0,275,21,15
05-Nov-16,Lunch,"broccoli, 300 g",102,21,1,8,0,99,5,8
05-Nov-16,Lunch,"olive oil, 10 g",88,0,10,0,0,0,0,0
05-Nov-16,Dinner,"Eend - Eend, 200 g",254,0,12,36,0,0,0,0
05-Nov-16,Dinner,"red wine, 187.5 ml",156,5,0,0,0,7,0,0
05-Nov-16,Dinner,"olive oil, 10 g",88,0,10,0,0,0,0,0
06-Nov-16,Breakfast,"egg, 8 #",736,3,54,62,1536,696,5,0
06-Nov-16,Breakfast,"vegetables 1, 200 g",118,22,1,3,0,0,13,7
06-Nov-16,Breakfast,"olive oil, 30 g",265,0,30,0,0,1,0,0
06-Nov-16,Lunch,"Oat - Oat, 78 g",295,41,9,8,0,10,9,7
06-Nov-16,Lunch,"semi-skimmed milk, 250 ml",118,12,4,9,0,125,12,0
06-Nov-16,Snacks,"banana, 2 #",210,54,0,3,0,2,28,6
06-Nov-16,Dinner,"chicken breast (frozen), 453 g",498,0,7,104,204,227,0,0
06-Nov-16,Dinner,"rice (white), 125 g",450,94,3,9,0,0,0,0
06-Nov-16,Dinner,"broccoli, 300 g",102,21,1,8,0,99,5,8
06-Nov-16,"Night meal","banana, 4 #",420,108,0,5,0,5,56,12
06-Nov-16,"Night meal","Côte d&#x27;Or - chocolat culinaire noir, 100 g",555,47,36,6,0,10,44,9
07-Nov-16,Breakfast,"semi-skimmed milk, 750 ml",353,36,12,26,0,375,36,0
07-Nov-16,Breakfast,"banana, 2 #",210,54,0,3,0,2,28,6
07-Nov-16,Lunch,"Algemeen - Wortels, 200 gr",82,21,0,2,0,138,0,6
07-Nov-16,Lunch,"eggs, 8 #",736,3,54,62,1536,696,5,0
07-Nov-16,Lunch,"olive oil, 30 g",265,0,30,0,0,1,0,0
07-Nov-16,"Workout meal","brinta pap, 1 serving",404,66,6,20,16,360,18,8
07-Nov-16,Dinner,"atlantic salmon, 330 g",686,0,43,66,182,195,0,0
07-Nov-16,Dinner,"rice (white), 125 g",450,94,3,9,0,0,0,0
07-Nov-16,Dinner,"olive oil, 10 g",88,0,10,0,0,0,0,0
07-Nov-16,Dinner,"Boni - Erwten en jonge wortelen, 200 g",96,13,0,8,0,0,10,0
08-Nov-16,Breakfast,"egg, 6 #",552,2,40,46,1152,522,4,0
08-Nov-16,Lunch,"Oat - Oat, 200 g",756,106,23,21,0,27,24,18
08-Nov-16,Lunch,"Planters - Deluxe Mixed Nuts, 1.3 oz.(28g/about 20 pieces)",221,9,18,7,0,104,1,3
08-Nov-16,Lunch,"semi-skimmed milk, 600 ml",282,29,10,21,0,300,29,0
08-Nov-16,Dinner,"chicken breast (frozen), 600 g",660,0,9,138,270,300,0,0
08-Nov-16,Dinner,"sweet potato, 500 g",430,100,1,8,0,275,21,15
08-Nov-16,Dinner,"olive oil, 10 g",88,0,10,0,0,0,0,0
08-Nov-16,Dinner,"spinach, 300 g",69,11,1,9,0,237,1,7
08-Nov-16,"Night meal","banana, 1 #",105,27,0,1,0,1,14,3
09-Nov-16,Breakfast,"egg, 6 #",552,2,40,46,1152,522,4,0
09-Nov-16,Breakfast,"olive oil, 20 g",177,0,20,0,0,0,0,0
09-Nov-16,Breakfast,"banana, 1 #",105,27,0,1,0,1,14,3
09-Nov-16,Lunch,"Oat - Oat, 180 g",680,95,21,19,0,24,21,16
09-Nov-16,Lunch,"semi-skimmed milk, 400 ml",188,19,6,14,0,200,19,0
09-Nov-16,"Workout meal","Mp3 Carbo - Fruit Sensation, 1 serving",409,102,0,0,0,0,0,0
09-Nov-16,"Workout meal","Qnt - Pro Shake, 500 ml",288,20,1,50,0,0,0,0
09-Nov-16,Dinner,"atlantic salmon, 300 g",624,0,39,60,165,177,0,0
09-Nov-16,Dinner,"rice (white), 125 g",450,94,3,9,0,0,0,0
09-Nov-16,Dinner,"olive oil, 20 g",177,0,20,0,0,0,0,0
09-Nov-16,Dinner,"vegetables 1, 200 g",118,22,1,3,0,0,13,7
10-Nov-16,Breakfast,"egg, 6 #",552,2,40,46,1152,522,4,0
10-Nov-16,Breakfast,"olive oil, 30 g",265,0,30,0,0,1,0,0
10-Nov-16,Breakfast,"vegetables 1, 200 g",118,22,1,3,0,0,13,7
10-Nov-16,Breakfast,"semi-skimmed milk, 500 ml",235,24,8,18,0,250,24,0
10-Nov-16,Lunch,"chicken breast (frozen), 400 g",440,0,6,92,180,200,0,0
10-Nov-16,Lunch,"rice (white), 125 g",450,94,3,9,0,0,0,0
10-Nov-16,Lunch,"olive oil, 20 g",177,0,20,0,0,0,0,0
10-Nov-16,Snacks,"banana, 2 #",210,54,0,3,0,2,28,6
10-Nov-16,Dinner,"Colruyt Everyday - Volle Yoghurt, 1000 g",570,40,30,34,0,500,40,0
10-Nov-16,Dinner,"pear, 1 #",102,27,0,1,0,2,17,6
11-Nov-16,Breakfast,"egg, 7 #",644,3,47,54,1344,609,4,0
12-Nov-16,Breakfast,"egg, 6 #",552,2,40,46,1152,522,4,0
12-Nov-16,Breakfast,"olive oil, 10 g",88,0,10,0,0,0,0,0
12-Nov-16,Lunch,"atlantic salmon, 300 g",624,0,39,60,165,177,0,0
12-Nov-16,Lunch,"rice (white), 125 g",450,94,3,9,0,0,0,0
12-Nov-16,Lunch,"broccoli, 150 g",51,11,1,4,0,50,3,4
12-Nov-16,Lunch,"olive oil, 10 g",88,0,10,0,0,0,0,0
12-Nov-16,Dinner,"sweet potato, 200 g",172,40,0,3,0,110,8,6
12-Nov-16,Dinner,"Everyday - Kippenbil, 200 g",366,0,24,36,0,0,0,0
12-Nov-16,Dinner,"olive oil, 20 g",177,0,20,0,0,0,0,0
12-Nov-16,"Night meal","semi-skimmed milk, 1000 ml",470,48,16,35,0,500,48,0
13-Nov-16,Breakfast,"egg, 5 #",460,2,34,39,960,435,3,0
13-Nov-16,Breakfast,"olive oil, 15 g",133,0,15,0,0,0,0,0
13-Nov-16,Breakfast,"Carrots - Carrots, 3 cup",150,36,1,3,0,252,18,10
13-Nov-16,Lunch,"Colruyt Everyday - Volle Yoghurt, 1000 g",570,40,30,34,0,500,40,0
13-Nov-16,Lunch,"Meijer - Honey, 3 tbs",180,51,0,3,0,0,48,0
13-Nov-16,Dinner,"broccoli, 200 g",68,14,1,6,0,66,3,5
13-Nov-16,Dinner,"rice (white), 125 g",450,94,3,9,0,0,0,0
13-Nov-16,Dinner,"atlantic salmon, 300 g",624,0,39,60,165,177,0,0
13-Nov-16,Dinner,"olive oil, 30 g",265,0,30,0,0,1,0,0
13-Nov-16,"Night meal","semi-skimmed milk, 250 ml",118,12,4,9,0,125,12,0
14-Nov-16,Breakfast,"semi-skimmed milk, 250 ml",118,12,4,9,0,125,12,0
14-Nov-16,Breakfast,"egg, 4 #",368,2,27,31,768,348,2,0
14-Nov-16,Breakfast,"olive oil, 25 g",221,0,25,0,0,1,0,0
14-Nov-16,Breakfast,"Carrots - Carrots, 2 cup",100,24,1,2,0,168,12,7
14-Nov-16,Lunch,"Boni - Tortilla chips sweet chili, 200 gram",944,128,40,13,0,0,7,8
14-Nov-16,"Workout meal","semi-skimmed milk, 1000 ml",470,48,16,35,0,500,48,0
14-Nov-16,"Workout meal","banana, 2 #",210,54,0,3,0,2,28,6
14-Nov-16,Dinner,"atlantic salmon, 400 g",832,0,52,80,220,236,0,0
14-Nov-16,Dinner,"rice (white), 125 g",450,94,3,9,0,0,0,0
14-Nov-16,Dinner,"olive oil, 25 g",221,0,25,0,0,1,0,0
14-Nov-16,Dinner,"Handmade - Gehaktbal, 250 gr",513,13,33,40,0,750,0,0
15-Nov-16,Breakfast,"olive oil, 15 g",133,0,15,0,0,0,0,0
15-Nov-16,Breakfast,"egg, 6 #",552,2,40,46,1152,522,4,0
15-Nov-16,Lunch,"Oat - Oat, 100 g",378,53,12,10,0,13,12,9
15-Nov-16,Lunch,"semi-skimmed milk, 500 ml",235,24,8,18,0,250,24,0
15-Nov-16,Snacks,"nutmix 2, 1 serving(s)",627,15,55,19,0,1,4,5
15-Nov-16,Snacks,"banana, 2 #",210,54,0,3,0,2,28,6
15-Nov-16,Dinner,"chicken breast (frozen), 525 g",578,0,8,121,236,263,0,0
15-Nov-16,Dinner,"rice (white), 125 g",450,94,3,9,0,0,0,0
15-Nov-16,Dinner,"olive oil, 25 g",221,0,25,0,0,1,0,0
16-Nov-16,Breakfast,"banana, 1 #",105,27,0,1,0,1,14,3
16-Nov-16,Breakfast,"egg, 7 #",644,3,47,54,1344,609,4,0
16-Nov-16,Breakfast,"broccoli, 200 g",68,14,1,6,0,66,3,5
16-Nov-16,Breakfast,"olive oil, 15 g",133,0,15,0,0,0,0,0
16-Nov-16,Lunch,"Oat - Oat, 200 g",756,106,23,21,0,27,24,18
16-Nov-16,Lunch,"semi-skimmed milk, 600 ml",282,29,10,21,0,300,29,0
16-Nov-16,"Workout meal","semi-skimmed milk, 1000 ml",470,48,16,35,0,500,48,0
16-Nov-16,Dinner,"atlantic salmon, 200 g",416,0,26,40,110,118,0,0
16-Nov-16,Dinner,"sweet potato, 250 g",215,50,0,4,0,138,11,8
16-Nov-16,Dinner,"vegetables 1, 200 g",118,22,1,3,0,0,13,7
17-Nov-16,Breakfast,"oatpap, 2 1/5 serving",1142,161,25,55,35,792,33,22
17-Nov-16,Breakfast,"banana, 1.5 #",158,41,0,2,0,2,21,5
17-Nov-16,Lunch,"eggs, 6 #",552,2,40,46,1152,522,4,0
17-Nov-16,Lunch,"olive oil, 15 g",133,0,15,0,0,0,0,0
17-Nov-16,Dinner,"rice (white), 125 g",450,94,3,9,0,0,0,0
17-Nov-16,Dinner,"Generic - Braised Rabbit, 6.9 oz.",402,0,16,59,168,71,0,0
17-Nov-16,Dinner,"Ah - Champignons, 200 gr",60,6,1,6,0,0,4,2
17-Nov-16,Dinner,"Letuce - Salade, 2 portion",40,6,0,4,0,0,0,0
18-Nov-16,Breakfast,"eggs, 8 #",736,3,54,62,1536,696,5,0
18-Nov-16,Breakfast,"olive oil, 20 g",177,0,20,0,0,0,0,0
18-Nov-16,Lunch,"Oat - Oat, 200 g",756,106,23,21,0,27,24,18
18-Nov-16,Lunch,"semi-skimmed milk, 600 ml",282,29,10,21,0,300,29,0
18-Nov-16,Dinner,"boni maiswafels met zeezout - bio, 24 wafel",324,71,0,7,0,0,0,0
18-Nov-16,Dinner,"banana, 2 #",210,54,0,3,0,2,28,6
18-Nov-16,Dinner,"chicken breast (frozen), 450 g",495,0,7,104,203,225,0,0
18-Nov-16,Dinner,"olive oil, 20 g",177,0,20,0,0,0,0,0
19-Nov-16,Breakfast,"banana, 1 #",105,27,0,1,0,1,14,3
19-Nov-16,Breakfast,"eggs, 6 #",552,2,40,46,1152,522,4,0
19-Nov-16,Breakfast,"olive oil, 30 g",265,0,30,0,0,1,0,0
19-Nov-16,Breakfast,"vegetables 1, 200 g",118,22,1,3,0,0,13,7
19-Nov-16,Lunch,"Oat - Oat, 100 g",378,53,12,10,0,13,12,9
19-Nov-16,Lunch,"semi-skimmed milk, 300 ml",141,14,5,11,0,150,14,0
19-Nov-16,Lunch,"banana, 2 #",210,54,0,3,0,2,28,6
19-Nov-16,Dinner,"Generic - Braised Rabbit, 4.2 oz.",245,0,10,36,102,43,0,0
19-Nov-16,Dinner,"sweet potato, 220.0 g",189,44,0,4,0,121,9,7
19-Nov-16,"Night meal","banana, 4 #",420,108,0,5,0,5,56,12
19-Nov-16,"Night meal","semi-skimmed milk, 700 ml",329,34,11,25,0,350,34,0
20-Nov-16,Breakfast,"eggs, 7 #",644,3,47,54,1344,609,4,0
20-Nov-16,Breakfast,"olive oil, 30 g",265,0,30,0,0,1,0,0
20-Nov-16,Lunch,"Generic - Striploin Steak, 240 gram",281,0,6,55,132,132,0,0
20-Nov-16,Lunch,"sweet potato, 220.0 g",189,44,0,4,0,121,9,7
20-Nov-16,Lunch,"C1000 - Veldsla, 200 gr",56,6,1,4,0,198,0,5
20-Nov-16,Lunch,"olive oil, 15 g",133,0,15,0,0,0,0,0
20-Nov-16,Lunch,"Zelfgemaakt - Soep, 150 ml",45,0,0,0,0,0,0,0
20-Nov-16,Snacks,"banana, 1 #",105,27,0,1,0,1,14,3
20-Nov-16,Dinner,"chicken breast (frozen), 450 g",495,0,7,104,203,225,0,0
20-Nov-16,Dinner,"rice (white), 125 g",450,94,3,9,0,0,0,0
20-Nov-16,Dinner,"olive oil, 20 g",177,0,20,0,0,0,0,0
21-Nov-16,Breakfast,"eggs, 8 #",736,3,54,62,1536,696,5,0
21-Nov-16,Breakfast,"olive oil, 30 g",265,0,30,0,0,1,0,0
21-Nov-16,Lunch,"semi-skimmed milk, 600 ml",282,29,10,21,0,300,29,0
21-Nov-16,Lunch,"Oat - Oat, 200 g",756,106,23,21,0,27,24,18
21-Nov-16,"Workout meal","semi-skimmed milk, 1000 ml",470,48,16,35,0,500,48,0
21-Nov-16,Dinner,"rice (white), 125 g",450,94,3,9,0,0,0,0
21-Nov-16,Dinner,"broccoli, 250 g",85,18,1,7,0,83,4,7
21-Nov-16,Dinner,"atlantic salmon, 387 g",805,0,50,77,213,228,0,0
21-Nov-16,Dinner,"olive oil, 25 g",221,0,25,0,0,1,0,0
22-Nov-16,Breakfast,"eggs, 6 #",552,2,40,46,1152,522,4,0
22-Nov-16,Breakfast,"olive oil, 25 g",221,0,25,0,0,1,0,0
22-Nov-16,Lunch,"Oat - Oat, 1.4 g",5,1,0,0,0,0,0,0
22-Nov-16,Lunch,"semi-skimmed milk, 500 ml",235,24,8,18,0,250,24,0
22-Nov-16,Snacks,"banana, 4 #",420,108,0,5,0,5,56,12
22-Nov-16,Dinner,"chicken breast (frozen), 450 g",495,0,7,104,203,225,0,0
22-Nov-16,Dinner,"sweet potato, 220.0 g",189,44,0,4,0,121,9,7
22-Nov-16,Dinner,"vegetables 1, 200 g",118,22,1,3,0,0,13,7
22-Nov-16,"Night meal","semi-skimmed milk, 1000 ml",470,48,16,35,0,500,48,0
22-Nov-16,"Night meal","Ys Bee Farms Pure Premium Clover Honey - Honey - 1 Tablespoon, 10 tsp.",150,45,0,0,0,0,40,0
23-Nov-16,Breakfast,"olive oil, 15 g",133,0,15,0,0,0,0,0
23-Nov-16,Breakfast,"oatpap, 1 serving",519,73,12,25,16,360,15,10
23-Nov-16,Breakfast,"eggs, 2 #",184,1,13,15,384,174,1,0
23-Nov-16,Breakfast,"banana, 1 #",105,27,0,1,0,1,14,3
23-Nov-16,Lunch,"Oat - Oat, 1.4 g",5,1,0,0,0,0,0,0
23-Nov-16,Lunch,"semi-skimmed milk, 500 ml",235,24,8,18,0,250,24,0
23-Nov-16,"Workout meal","semi-skimmed milk, 1000 ml",470,48,16,35,0,500,48,0
23-Nov-16,Dinner,"sweet potato, 220.0 g",189,44,0,4,0,121,9,7
23-Nov-16,Dinner,"Pork - Pork, 120 gr",312,0,26,20,82,66,0,0
23-Nov-16,Dinner,"olive oil, 15 g",133,0,15,0,0,0,0,0
23-Nov-16,Dinner,"vegetables 1, 200 g",118,22,1,3,0,0,13,7
24-Nov-16,Breakfast,"eggs, 7 #",644,3,47,54,1344,609,4,0
24-Nov-16,Breakfast,"olive oil, 15 g",133,0,15,0,0,0,0,0
24-Nov-16,Breakfast,"vegetables 1, 200 g",118,22,1,3,0,0,13,7
24-Nov-16,Lunch,"vegetables 1, 200 g",118,22,1,3,0,0,13,7
24-Nov-16,Lunch,"olive oil, 15 g",133,0,15,0,0,0,0,0
24-Nov-16,Lunch,"sweet potato, 220.0 g",189,44,0,4,0,121,9,7
24-Nov-16,Lunch,"atlantic salmon, 189 g",393,0,25,38,104,112,0,0
24-Nov-16,Snacks,"banana, 4 #",420,108,0,5,0,5,56,12
24-Nov-16,Dinner,"rice (white), 125 g",450,94,3,9,0,0,0,0
24-Nov-16,Dinner,"Everyday - Kippenbil, 200 g",366,0,24,36,0,0,0,0
24-Nov-16,Dinner,"boni - wokgroenten, 160 gr",94,17,0,2,0,0,10,6
24-Nov-16,"Night meal","semi-skimmed milk, 1000 ml",470,48,16,35,0,500,48,0
25-Nov-16,Breakfast,"eggs, 8 #",736,3,54,62,1536,696,5,0
25-Nov-16,Breakfast,"olive oil, 25 g",221,0,25,0,0,1,0,0
25-Nov-16,Breakfast,"vegetables 1, 200 g",118,22,1,3,0,0,13,7
25-Nov-16,Lunch,"Zelfgemaakt - Soep, 150 ml",45,0,0,0,0,0,0,0
25-Nov-16,Lunch,"semi-skimmed milk, 500 ml",235,24,8,18,0,250,24,0
25-Nov-16,Lunch,"Oat - Oat, 150 g",567,79,17,16,0,20,18,14
25-Nov-16,Lunch,"banana, 3 #",315,81,0,4,0,4,42,9
25-Nov-16,"Workout meal","semi-skimmed milk, 1000 ml",470,48,16,35,0,500,48,0
25-Nov-16,Dinner,"atlantic salmon, 387 g",805,0,50,77,213,228,0,0
25-Nov-16,Dinner,"olive oil, 25 g",221,0,25,0,0,1,0,0
25-Nov-16,Dinner,"sweet potato, 220.0 g",189,44,0,4,0,121,9,7
25-Nov-16,Dinner,"vegetables 1, 200 g",118,22,1,3,0,0,13,7
26-Nov-16,Breakfast,"eggs, 6 #",552,2,40,46,1152,522,4,0
26-Nov-16,Breakfast,"olive oil, 25 g",221,0,25,0,0,1,0,0
26-Nov-16,Breakfast,"Carrots - Carrots, 2 cup",100,24,1,2,0,168,12,7
26-Nov-16,Lunch,"Lu Mini Crackers - naturel, 35 crackers",959,154,27,24,0,4,4,8
26-Nov-16,Snacks,"banana, 2 #",210,54,0,3,0,2,28,6
26-Nov-16,Dinner,"chicken breast (frozen), 505 g",556,0,8,116,227,253,0,0
26-Nov-16,Dinner,"sweet potato, 150 g",129,30,0,2,0,83,6,5
26-Nov-16,Dinner,"olive oil, 15 g",133,0,15,0,0,0,0,0
26-Nov-16,Dinner,"vegetables 1, 200 g",118,22,1,3,0,0,13,7
27-Nov-16,Breakfast,"eggs, 6 #",552,2,40,46,1152,522,4,0
27-Nov-16,Lunch,"atlantic salmon, 200 g",416,0,26,40,110,118,0,0
27-Nov-16,Lunch,"vegetables 1, 200 g",118,22,1,3,0,0,13,7
27-Nov-16,Dinner,"chicken breast (frozen), 450 g",495,0,7,104,203,225,0,0
27-Nov-16,Dinner,"rice (white), 125 g",450,94,3,9,0,0,0,0
28-Nov-16,Breakfast,"eggs, 8 #",736,3,54,62,1536,696,5,0
28-Nov-16,Breakfast,"olive oil, 25 g",221,0,25,0,0,1,0,0
28-Nov-16,Lunch,"rice (white), 125 g",450,94,3,9,0,0,0,0
28-Nov-16,Lunch,"chicken breast (frozen), 250 g",275,0,4,58,113,125,0,0
28-Nov-16,Lunch,"olive oil, 15 g",133,0,15,0,0,0,0,0
28-Nov-16,Snacks,"banana, 2 #",210,54,0,3,0,2,28,6
28-Nov-16,"Workout meal","semi-skimmed milk, 1000 ml",470,48,16,35,0,500,48,0
28-Nov-16,Dinner,"chicken breast (frozen), 250 g",275,0,4,58,113,125,0,0
28-Nov-16,Dinner,"Algemeen - Wortels, 200 gr",82,21,0,2,0,138,0,6
28-Nov-16,Dinner,"rice (white), 100 g",360,75,2,7,0,0,0,0
28-Nov-16,Dinner,"olive oil, 25 g",221,0,25,0,0,1,0,0
29-Nov-16,Breakfast,"eggs, 6 #",552,2,40,46,1152,522,4,0
29-Nov-16,Breakfast,"Wok - Groenten, 200 gr",74,14,0,4,0,0,8,4
29-Nov-16,Breakfast,"olive oil, 25 g",221,0,25,0,0,1,0,0
29-Nov-16,Lunch,"Blauwe bessen - Delhaize, 150 gram",65,9,0,2,0,0,9,11
29-Nov-16,Lunch,"atlantic salmon, 200 g",416,0,26,40,110,118,0,0
29-Nov-16,Lunch,"Everyday (Colruyt - Slamix / Salade Mixte, 200 g",40,6,0,2,0,60,2,4
29-Nov-16,Snacks,"Cote d&#x27;Or - Fin 86% Noir Brut Chocolade, 100 gram",645,19,57,9,0,2,13,13
29-Nov-16,Snacks,"rice cracker, 100 g",385,79,4,8,0,200,1,3
29-Nov-16,Dinner,"atlantic salmon, 300 g",624,0,39,60,165,177,0,0
29-Nov-16,Dinner,"Fish - Fish, 4.5 OZ",225,0,0,0,0,0,0,0
29-Nov-16,Dinner,"rice (white), 125 g",450,94,3,9,0,0,0,0
30-Nov-16,Breakfast,"olive oil, 25 g",221,0,25,0,0,1,0,0
30-Nov-16,Breakfast,"eggs, 6 #",552,2,40,46,1152,522,4,0
30-Nov-16,Lunch,"Albert Heijn (Ah) - Flink Brood Appel, Brie, Walnoten &amp; Lollo Rosso, 360 g",972,65,61,40,0,151,7,5
30-Nov-16,Snacks,"rice cracker, 100 g",385,79,4,8,0,200,1,3
30-Nov-16,Dinner,"rice (white), 125 g",450,94,3,9,0,0,0,0
05-Dec-16,Breakfast,"eggs, 8 #",736,3,54,62,1536,696,5,0
05-Dec-16,Breakfast,"olive oil, 30 g",265,0,30,0,0,1,0,0
05-Dec-16,Breakfast,"banana, 1 #",105,27,0,1,0,1,14,3
05-Dec-16,Breakfast,"semi-skimmed milk, 500 ml",235,24,8,18,0,250,24,0
05-Dec-16,Lunch,"rice (white), 125 g",450,94,3,9,0,0,0,0
05-Dec-16,"Workout meal","Qnt - Pro Shake, 500 ml",288,20,1,50,0,0,0,0
05-Dec-16,"Workout meal","semi-skimmed milk, 500 ml",235,24,8,18,0,250,24,0
05-Dec-16,Dinner,"atlantic salmon, 394 g",820,0,51,79,217,232,0,0
05-Dec-16,Dinner,"rice (white), 125 g",450,94,3,9,0,0,0,0
05-Dec-16,Dinner,"Boni - Erwten en jonge wortelen, 300 g",144,20,0,12,0,0,15,0
05-Dec-16,Dinner,"olive oil, 10 g",88,0,10,0,0,0,0,0
06-Dec-16,Breakfast,"eggs, 6 #",552,2,40,46,1152,522,4,0
06-Dec-16,Breakfast,"vegetables 1, 200 g",118,22,1,3,0,0,13,7
06-Dec-16,Lunch,"Albert Heijn (Ah) - Flink Brood Appel, Brie, Walnoten &amp; Lollo Rosso, 180 g",486,32,31,20,0,76,4,3
06-Dec-16,Snacks,"Cote d&#x27;Or - Fin 86% Noir Brut Chocolade, 50 gram",323,9,28,4,0,1,7,7
09-Dec-16,Breakfast,"eggs, 8 #",736,3,54,62,1536,696,5,0
09-Dec-16,Breakfast,"olive oil, 25 g",221,0,25,0,0,1,0,0
09-Dec-16,Breakfast,"banana, 1 #",105,27,0,1,0,1,14,3
09-Dec-16,Lunch,"atlantic salmon, 190 g",395,0,25,38,105,112,0,0
09-Dec-16,Lunch,"rice (white), 60 g",216,45,1,4,0,0,0,0
09-Dec-16,Lunch,"vegetables 1, 100 g",59,11,0,2,0,0,6,4
09-Dec-16,Lunch,"olive oil, 10 g",88,0,10,0,0,0,0,0
09-Dec-16,Snacks,"rice cracker, 100 g",385,79,4,8,0,200,1,3
09-Dec-16,"Workout meal","semi-skimmed milk, 1000 ml",470,48,16,35,0,500,48,0
09-Dec-16,Dinner,"Generic - Striploin Steak, 320 gram",374,0,9,74,176,176,0,0
09-Dec-16,Dinner,"Boni - Erwten en jonge wortelen, 300 g",144,20,0,12,0,0,15,0
09-Dec-16,Dinner,"sweet potato, 250 g",215,50,0,4,0,138,11,8
09-Dec-16,Dinner,"olive oil, 10 g",88,0,10,0,0,0,0,0
09-Dec-16,"Night meal","semi-skimmed milk, 500 ml",235,24,8,18,0,250,24,0
09-Dec-16,"Night meal","banana, 1 #",105,27,0,1,0,1,14,3
10-Dec-16,Breakfast,"eggs, 7 #",644,3,47,54,1344,609,4,0
10-Dec-16,Breakfast,"olive oil, 25 g",221,0,25,0,0,1,0,0
10-Dec-16,Breakfast,"semi-skimmed milk, 500 ml",235,24,8,18,0,250,24,0
10-Dec-16,Lunch,"banana, 2 #",210,54,0,3,0,2,28,6
10-Dec-16,Lunch,"chocolate 85%, 40 g",248,9,20,4,0,0,6,4
15-Dec-16,Breakfast,"eggs, 7 #",644,3,47,54,1344,609,4,0
15-Dec-16,Breakfast,"olive oil, 10 g",88,0,10,0,0,0,0,0
15-Dec-16,Breakfast,"vegetables 1, 100 g",59,11,0,2,0,0,6,4
16-Dec-16,Breakfast,"olive oil, 20 g",177,0,20,0,0,0,0,0
16-Dec-16,Breakfast,"eggs, 8 #",736,3,54,62,1536,696,5,0
16-Dec-16,Lunch,"rice cracker, 100 g",385,79,4,8,0,200,1,3
16-Dec-16,Dinner,"Zilvervliesrijst - Ongekookt, 125 gr.",425,85,3,11,0,0,1,8
16-Dec-16,Dinner,"banana, 3 #",315,81,0,4,0,4,42,9
18-Dec-16,Breakfast,"banana, 2 #",210,54,0,3,0,2,28,6
18-Dec-16,Breakfast,"chocolate 85%, 20 g",124,5,10,2,0,0,3,2
18-Dec-16,Breakfast,"semi-skimmed milk, 1000 ml",470,48,16,35,0,500,48,0
18-Dec-16,Lunch,"chicken breast (frozen), 250 g",275,0,4,58,113,125,0,0
18-Dec-16,Lunch,"rice (white), 125 g",450,94,3,9,0,0,0,0
18-Dec-16,Lunch,"vegetables 1, 200 g",118,22,1,3,0,0,13,7
18-Dec-16,Lunch,"eggs, 1 #",92,0,7,8,192,87,1,0
18-Dec-16,Dinner,"chicken breast (frozen), 250 g",275,0,4,58,113,125,0,0
18-Dec-16,Dinner,"olive oil, 35 g",309,0,35,0,0,1,0,0
18-Dec-16,"Night meal","eggs, 5 #",460,2,34,39,960,435,3,0
19-Dec-16,Breakfast,"semi-skimmed milk, 250 ml",118,12,4,9,0,125,12,0
19-Dec-16,Breakfast,"eggs, 8.5 #",782,3,57,65,1632,740,5,0
19-Dec-16,Breakfast,"olive oil, 25 g",221,0,25,0,0,1,0,0
19-Dec-16,Lunch,"banana, 1 #",105,27,0,1,0,1,14,3
19-Dec-16,Lunch,"rice cracker, 200 g",770,158,7,15,0,400,1,6
19-Dec-16,"Workout meal","semi-skimmed milk, 1000 ml",470,48,16,35,0,500,48,0
19-Dec-16,Dinner,"rice (white), 125 g",450,94,3,9,0,0,0,0
19-Dec-16,Dinner,"atlantic salmon, 400 g",832,0,52,80,220,236,0,0
19-Dec-16,Dinner,"vegetables 1, 200 g",118,22,1,3,0,0,13,7
19-Dec-16,Dinner,"olive oil, 30 g",265,0,30,0,0,1,0,0
20-Dec-16,Breakfast,"vegetables 1, 200 g",118,22,1,3,0,0,13,7
20-Dec-16,Breakfast,"olive oil, 15 g",133,0,15,0,0,0,0,0
20-Dec-16,Breakfast,"eggs, 6 #",552,2,40,46,1152,522,4,0
20-Dec-16,Lunch,"banana, 2 #",210,54,0,3,0,2,28,6
20-Dec-16,Lunch,"rice cracker, 100 g",385,79,4,8,0,200,1,3
20-Dec-16,Lunch,"chocolate 85%, 20 g",124,5,10,2,0,0,3,2
20-Dec-16,Snacks,"semi-skimmed milk, 1000 ml",470,48,16,35,0,500,48,0
20-Dec-16,Snacks,"apple, 1 #",95,25,0,1,0,2,19,4
20-Dec-16,Dinner,"chicken breast (frozen), 550 g",605,0,8,127,248,275,0,0
20-Dec-16,Dinner,"sweet potato, 200 g",172,40,0,3,0,110,8,6
20-Dec-16,Dinner,"olive oil, 15 g",133,0,15,0,0,0,0,0
20-Dec-16,"Night meal","semi-skimmed milk, 400 ml",188,19,6,14,0,200,19,0
21-Dec-16,Breakfast,"eggs, 6 #",552,2,40,46,1152,522,4,0
21-Dec-16,Breakfast,"vegetables 1, 200 g",118,22,1,3,0,0,13,7
21-Dec-16,Breakfast,"olive oil, 15 g",133,0,15,0,0,0,0,0
21-Dec-16,Lunch,"Albert Heijn (Ah) - Flink Brood Appel, Brie, Walnoten &amp; Lollo Rosso, 180 g",486,32,31,20,0,76,4,3
21-Dec-16,Lunch,"chocolate 85%, 20 g",124,5,10,2,0,0,3,2
21-Dec-16,"Workout meal","QNT - Pro Shake - Strawberry Cream, 1 bottle (500ml)",290,20,1,50,0,1,20,0
21-Dec-16,Dinner,"semi-skimmed milk, 850 ml",400,41,14,30,0,425,41,0
21-Dec-16,Dinner,"atlantic salmon, 400 g",832,0,52,80,220,236,0,0
21-Dec-16,Dinner,"olive oil, 30 g",265,0,30,0,0,1,0,0
21-Dec-16,Dinner,"Boni - Erwten en jonge wortelen, 400 g",192,27,0,16,0,0,20,0
21-Dec-16,Dinner,"rice (white), 75 g",270,56,2,5,0,0,0,0
21-Dec-16,"Night meal","banana, 1 #",105,27,0,1,0,1,14,3
22-Dec-16,Breakfast,"rice (white), 50 g",180,38,1,4,0,0,0,0
23-Dec-16,Breakfast,"eggs, 8 #",736,3,54,62,1536,696,5,0
23-Dec-16,Breakfast,"olive oil, 25 g",221,0,25,0,0,1,0,0
23-Dec-16,Breakfast,"banana, 1 #",105,27,0,1,0,1,14,3
23-Dec-16,Lunch,"chocolate 85%, 20 g",124,5,10,2,0,0,3,2
23-Dec-16,Lunch,"Zelfgemaakt - Soep, 150 ml",45,0,0,0,0,0,0,0
23-Dec-16,Snacks,"rice cracker, 200 g",770,158,7,15,0,400,1,6
23-Dec-16,"Workout meal","semi-skimmed milk, 850 ml",400,41,14,30,0,425,41,0
